round,iter,L,f,f_a,f_b,penalty,maxD,G_norm,d_norm,alpha,r_stat,r_prim,r_comp,r_dual,lam_neg,kkt,lam_max,lam_min,S_max,S_min
1,1,-4925.252493,138.136674,138.8774882,137.3958598,-5063.389167,0.9639423895,1395.078742,1395.078742,0.01668339778,44.41095763,8.238983478,0.6995644145,0,0,45.17414522,29.98998996,29.97385643,-0.001003866862,-0.001003866862
1,2,-5279.666423,379.7101444,523.0110383,236.4092505,-5659.376567,0.9643142829,43.98931956,43.98931956,0.3338705671,43.18821396,8.602821143,13.3552584,0,0,46.01731504,30.12353785,29.78557233,0.01909911908,0.0190883044
1,3,-5292.316159,375.6756674,516.4207035,234.9306314,-5667.991827,0.962819606,32.35265531,32.35265531,0.02416252548,16.10074738,8.611430208,6.068470132,0,0,19.24102716,30.13319405,29.7740524,-0.008387196729,-0.008703879235
1,4,-5304.028282,369.0836629,505.5001664,232.6671594,-5673.111945,0.9720030188,21.52151037,21.52151037,0.05053860829,15.54713348,8.612061839,12.4031588,0,0,21.67300895,30.15340566,29.74562853,0.01780621668,0.01685423154
1,5,-5315.048162,367.14248,502.2522192,232.0327407,-5682.190642,0.9757805111,30.08943971,30.08943971,0.02433402385,14.69194948,8.62143616,5.780434524,0,0,17.98877328,30.16313156,29.73207868,-0.007546655879,-0.008324537793
1,6,-5325.769537,364.2978065,497.4991775,231.0964354,-5690.067344,0.9816431146,20.4342989,20.4342989,0.05131285784,14.47679926,8.625419588,12.1005939,0,0,20.74608282,30.18365314,29.70368957,0.01744417686,0.01548027298
1,7,-5336.352508,363.7685222,496.699402,230.8376423,-5700.12103,0.9834961267,29.39335409,29.39335409,0.02448871404,14.27844218,8.635684133,5.768902052,0,0,17.65585405,30.19344118,29.69036036,-0.007040587901,-0.008343858577
1,8,-5347.11711,363.5747241,496.7312039,230.4182442,-5710.691834,0.9843938472,20.33619523,20.33619523,0.05201204781,14.34799193,8.641452714,12.33684918,0,0,20.80234182,30.21424238,29.66233352,0.01786291135,0.01470435855
1,9,-5358.205304,364.0899535,497.950937,230.22897,-5722.295257,0.9832183868,30.00263934,30.00263934,0.02462591374,14.72047119,8.652468468,6.001188992,0,0,18.09894339,30.22408488,29.64940625,-0.006777593719,-0.008719005871
1,10,-5369.927778,366.0035339,502.2262843,229.7807835,-5735.931312,0.9760932426,21.10209229,21.10209229,0.05259019194,15.04579712,8.658078616,13.06153826,0,0,21.72422883,30.24511696,29.62223983,0.01899854683,0.01435857582
1,11,-5382.439424,367.4229613,505.3890658,229.4568568,-5749.862385,0.9723951266,31.79885291,31.79885291,0.02473583703,15.93077505,8.669451978,6.459528261,0,0,19.25290878,30.25500237,29.60999626,-0.006683368463,-0.009428533627
1,12,-5396.047406,371.3110252,514.0031333,228.6189172,-5767.358431,0.9733048861,22.66281019,22.66281019,0.05289980564,16.47851774,8.672394537,14.20043995,0,0,23.41803725,30.27615759,29.58449524,0.02075189599,0.01425379432
1,13,-5410.896458,373.6601774,519.281727,228.0386278,-5784.556635,0.9696539101,34.60168956,34.60168956,0.02479135554,17.76109551,8.683532232,7.091677307,0,0,21.0036219,30.28606345,29.5733625,-0.006654804076,-0.01040031018
1,14,-5427.190569,379.6418801,532.6503331,226.6334271,-5806.832449,0.9509970379,24.83391932,24.83391932,0.052697278,18.44321742,8.681395217,15.52603511,0,0,25.62375184,30.30713667,29.55071626,0.0227973365,0.01408736449
1,15,-5444.944176,383.0146377,540.2614542,225.7678211,-5827.958814,0.9362431518,37.85495767,37.85495767,0.02476122269,19.83431702,8.691916047,7.748869835,0,0,22.99988087,30.31702829,29.54125745,-0.00652841902,-0.01141881015
1,16,-5464.045822,391.1569859,558.4770462,223.8369255,-5855.202808,0.8984263105,27.09801604,27.09801604,0.05182439312,20.45905995,8.68461367,16.57996613,0,0,27.72888252,30.33775129,29.5200889,0.02446278172,0.01346104823
1,17,-5484.21516,395.5236822,568.2910723,222.7562922,-5879.738843,0.8751803521,40.44113505,40.44113505,0.02464402628,21.45883923,8.695068102,8.182208497,0,0,24.55676132,30.34759415,29.50972386,-0.006126442223,-0.01211613886
1,18,-5504.932395,405.4075742,590.2909155,220.5242329,-5910.339969,0.8160629991,28.58692768,28.58692768,0.05047458022,21.76727088,8.686647135,16.86306992,0,0,28.87273882,30.36777657,29.49008169,0.02500242981,0.01212776838
1,19,-5525.685213,410.4125664,601.4739513,219.3511815,-5936.097779,0.7831236113,41.14768414,41.14768414,0.02449242211,21.91395818,8.698309772,8.192032106,0,0,24.9597986,30.37755823,29.48226274,-0.005398975451,-0.01219020479
1,20,-5545.874375,420.9666075,624.8753684,217.0578465,-5966.840982,0.7117130349,28.59783716,28.59783716,0.0491697506,21.76552635,8.694091882,16.25925479,0,0,28.52522984,30.39721882,29.46831098,0.02422576371,0.01026237695
1,21,-5565.102937,425.9788549,636.0767472,215.8809626,-5991.081792,0.6764786457,39.69717116,39.69717116,0.02438385882,21.04340037,8.707405465,7.815427341,0,0,24.077469,30.40695806,29.46313832,-0.004496626071,-0.01168658071
1,22,-5583.111018,435.9207684,658.2120887,213.629448,-6019.031786,0.6074827258,27.25188019,27.25188019,0.04834414098,20.55535079,8.709182709,15.14263411,0,0,26.97539021,30.42628911,29.4545035,0.02267192608,0.008323876118
1,23,-5599.795355,440.3643673,668.262489,212.4662456,-6040.159723,0.5760578099,37.00078019,37.00078019,0.0243561891,19.39098762,8.723274548,7.27527116,0,0,22.47299468,30.43601907,29.4516867,-0.003631607351,-0.01093097221
1,24,-5615.238591,448.8230537,687.4121842,210.2339231,-6064.061644,0.5179391191,25.32687291,25.32687291,0.04804396083,18.80523041,8.729290744,13.9841963,0,0,25.00789783,30.45523091,29.44746539,0.02103702566,0.006657285971
1,25,-5629.508344,452.4283674,695.7922497,209.064485,-6081.936711,0.4926430439,34.19964831,34.19964831,0.02438562517,17.64042072,8.743063865,6.76405997,0,0,20.81773561,30.46497437,29.44654482,-0.002916346722,-0.01021010353
1,26,-5642.800943,459.1557804,711.5111401,206.8004207,-6101.956723,0.4470270376,23.50429731,23.50429731,0.04804288127,17.11726605,8.750894072,13.02052506,0,0,23.2188074,30.48418651,29.44575859,0.01967742502,0.005346633406
1,27,-5655.209265,461.943183,718.2770371,205.609329,-6117.152448,0.4275209576,31.86547464,31.86547464,0.0244263354,16.14602229,8.763741299,6.349184934,0,0,19.43731841,30.49394759,29.44628615,-0.002356457084,-0.009626863948
1,28,-5666.898918,467.1333112,730.9712682,203.2953542,-6134.032229,0.3925610502,22.02852424,22.02852424,0.04811444388,15.72272627,8.771808801,12.26783983,0,0,21.78643259,30.51318891,29.44809622,0.01862219272,0.004327692852
1,29,-5677.936021,469.2673237,736.4486499,202.0859975,-6147.203344,0.3775835053,30.03806691,30.03806691,0.024451969,14.94460631,8.783557395,6.019245727,0,0,18.35002608,30.52296121,29.44971116,-0.001904738245,-0.00916612442
1,30,-5688.427267,473.2843237,746.8263826,199.7422648,-6161.711591,0.3506411731,20.8613632,20.8613632,0.04815628805,14.59864096,8.791146841,11.66303004,0,0,20.65020218,30.54221968,29.45347272,0.01777994424,0.003497818547
1,31,-5698.411932,474.9519061,751.3718051,198.5320072,-6173.363838,0.3389464035,28.56617123,28.56617123,0.02445930184,13.95122923,8.801826328,5.744774979,0,0,17.4674378,30.55199567,29.45591052,-0.001541918021,-0.00878476357
1,32,-5707.954137,478.1484874,760.097318,196.1996567,-6186.102625,0.3177479178,19.89659889,19.89659889,0.04815490299,13.65257273,8.80870716,11.14727347,0,0,19.70400391,30.57125392,29.46115754,0.01706402352,0.002832338462
1,33,-5717.076951,479.5028193,763.9945294,195.0111092,-6196.579771,0.3083852577,27.30866463,27.30866463,0.02445410952,13.08139973,8.818407777,5.503500916,0,0,16.7085564,30.58102844,29.46423211,-0.001248757483,-0.00844985843
