Step,DF_001,DF_002,DF_003,DF_004,DF_005,DF_006,DF_007,DF_008,DF_009,DF_010,DF_011,DF_012,DF_013,DF_014,DF_015,DF_016,DF_017,DF_018,DF_019,DF_020,DF_021,DF_022,DF_023,DF_024,DF_025,DF_026,DF_027,DF_028,DF_029,DF_030,DF_031,DF_032,DF_033,DF_034,DF_035,DF_036,DF_037,DF_038,DF_039,DF_040,DF_041,DF_042,DF_043,DF_044,DF_045,DF_046,DF_047,DF_048,DF_049,DF_050,DF_051,DF_052,DF_053,DF_054,DF_055,DF_056,DF_057,DF_058,DF_059,DF_060,DF_061,DF_062,DF_063,DF_064,DF_065,DF_066,DF_067,DF_068,DF_069,DF_070,DF_071,DF_072,DF_073,DF_074,DF_075,DF_076,DF_077,DF_078,DF_079,DF_080,DF_081,DF_082,DF_083,DF_084,DF_085,DF_086,DF_087,DF_088,DF_089,DF_090,DF_091,DF_092,DF_093,DF_094,DF_095,DF_096,DF_097,DF_098,DF_099,DF_100,DF_101,DF_102,DF_103,DF_104,DF_105,DF_106,DF_107,DF_108,DF_109,DF_110,DF_111,DF_112,DF_113,DF_114,DF_115,DF_116,DF_117,DF_118,DF_119,DF_120,DF_121,DF_122,DF_123,DF_124,DF_125,DF_126,DF_127,DF_128,DF_129,DF_130,DF_131,DF_132,DF_133,DF_134,DF_135,DF_136,DF_137,DF_138,DF_139,DF_140,DF_141,DF_142,DF_143,DF_144,DF_145,DF_146,DF_147,DF_148,DF_149,DF_150,DF_151,DF_152,DF_153,DF_154,DF_155,DF_156,DF_157,DF_158,DF_159,DF_160,DF_161,DF_162,DF_163,DF_164,DF_165,DF_166,DF_167,DF_168,DF_169,DF_170,DF_171,DF_172,DF_173,DF_174,DF_175,DF_176,DF_177,DF_178,DF_179,DF_180
0,0.03452446166,0.0331290861,0.02852563975,0.02256800247,0.09073004361,0.03935282488,0.06885923501,0.1031947852,0.1295121426,0.1462154803,0.04893267721,0.04695496463,0.04043034576,0.03198638666,0.09814491099,0.03935280269,0.06885918353,0.1031946905,0.1295120006,0.1462152962,0.0008103782596,0.0007776254286,0.0006695708274,0.000529729761,0.009427289092,0.00160031836,0.004511578729,0.01052845271,0.01894763467,0.02935849045,0.0005717625675,0.0005486538,0.0004724158513,0.0003737509547,0.008715055541,0.001600319263,0.004511582102,0.01052846238,0.01894765545,0.02935852743,0.01495915443,0.01003092155,0.006035566234,0.003430046257,0.01996437216,0.002414093574,0.004382015714,0.006794616164,0.008287711044,0.009045880048,0.02186473861,0.01466148898,0.008821760527,0.005013456153,0.0217461619,0.002414092092,0.004382012149,0.006794609375,0.008287701154,0.00904586765,0.0003850910835,0.0002582244604,0.0001553726924,8.829919933e-05,0.002157494547,0.0001006460114,0.0002889917844,0.0006859922785,0.001180763087,0.001743459098,0.0002634669954,0.0001766689119,0.0001063010238,6.041148638e-05,0.001980718449,0.0001006460732,0.0002889920195,0.0006859929638,0.001180764496,0.001743461488,1.039694871e-06,1.517632892e-06,1.676651696e-06,1.43551312e-06,0.002266387159,4.616871163e-05,0.0003965434574,0.002164903893,0.006611124297,0.01471147774,2.970618497e-09,7.726457029e-09,1.381391835e-08,1.693356809e-08,0.0009262937418,5.707941619e-06,0.0001047799788,0.001041781273,0.004817517031,0.01473679177,1.344036269e-08,4.742737898e-08,1.198832453e-07,2.098500976e-07,0.002663769607,9.292609156e-05,0.001120565765,0.007892185807,0.03009036615,0.07983006511,5.635103327e-09,2.53360978e-08,8.159974472e-08,1.78634512e-07,0.003003752433,0.0001425571473,0.00166754685,0.01141749898,0.04301068565,0.1130512285,1.456977041e-09,8.896099971e-09,3.890969543e-08,1.12984723e-07,0.003126214752,0.0001878704251,0.00211475643,0.01397198516,0.05129961454,0.1317905834,6.038050037e-11,6.069699491e-10,4.194118052e-09,1.790790705e-08,0.002569504235,0.0001235635192,0.00164540045,0.01214257514,0.04696811701,0.1231951434,1.864500109e-13,4.590566405e-12,6.644292341e-11,4.886223268e-10,0.002194218171,4.57320102e-05,0.001146571897,0.01280015958,0.06171652734,0.1794230349,1.01460997e-11,2.091698833e-10,2.534998926e-09,1.582448502e-08,0.006619210162,0.0004563862527,0.007548532945,0.05727027764,0.2061040269,0.4578536394,2.822911509e-10,4.804211625e-09,4.806462879e-08,2.513668585e-07,0.01535596305,0.002412534521,0.02831593655,0.1562305487,0.4365843309,0.7671158614,2.385174281e-11,7.607427798e-10,1.267957688e-08,9.567941008e-08,0.01939589406,0.003263958691,0.04438902366,0.2461012818,0.6282475948,0.9303337872
1,0.03452446132,0.0331290856,0.02852563918,0.02256800191,0.09073004213,0.03935282403,0.0688592337,0.1031947835,0.1295121407,0.1462154791,0.04893267681,0.046954964,0.04043034502,0.03198638593,0.09814490953,0.03935280203,0.06885918268,0.1031946896,0.1295119999,0.1462152966,0.0008103782493,0.0007776254127,0.0006695708084,0.0005297297422,0.009427288869,0.001600318311,0.00451157861,0.01052845247,0.0189476343,0.02935849012,0.0005717625592,0.0005486537879,0.0004724158371,0.0003737509408,0.008715055323,0.001600319206,0.004511581953,0.01052846205,0.01894765489,0.02935852676,0.01495915427,0.0100309214,0.006035566108,0.003430046168,0.01996437182,0.002414093517,0.004382015621,0.006794616034,0.008287710898,0.009045879977,0.02186473842,0.01466148878,0.008821760359,0.005013456033,0.02174616156,0.002414092049,0.004382012088,0.006794609306,0.008287701096,0.00904586769,0.0003850910785,0.000258224455,0.000155372688,8.829919616e-05,0.002157494495,0.0001006460082,0.0002889917765,0.0006859922623,0.001180763062,0.001743459081,0.0002634669916,0.000176668908,0.0001063010206,6.041148411e-05,0.001980718398,0.0001006460695,0.0002889920095,0.0006859929415,0.001180764459,0.001743461449,1.03969484e-06,1.517632821e-06,1.67665159e-06,1.435513007e-06,0.002266387067,4.616870843e-05,0.0003965434335,0.00216490378,0.006611123995,0.01471147728,2.970618378e-09,7.726456544e-09,1.381391717e-08,1.693356628e-08,0.0009262936959,5.707941087e-06,0.0001047799703,0.001041781201,0.004817516739,0.01473679111,1.344263855e-08,4.743531794e-08,1.199030804e-07,2.098844428e-07,0.002663947584,9.293773169e-05,0.001120684741,0.00789288388,0.03009262983,0.0798351247,5.639685669e-09,2.535646661e-08,8.166459292e-08,1.787749523e-07,0.003004716388,0.0001426429242,0.001668397296,0.01142234972,0.04302622701,0.1130856411,1.459347618e-09,8.910410143e-09,3.89715668e-08,1.131624577e-07,0.003128221723,0.000188096592,0.002116914165,0.0139838605,0.05133669665,0.1318708341,6.056494919e-11,6.087480681e-10,4.205879376e-09,1.795605484e-08,0.002572040499,0.0001237958411,0.001648034787,0.01215886912,0.04702228744,0.1233163946,1.876375889e-13,4.616931944e-12,6.678296541e-11,4.908409968e-10,0.002196863553,4.584137226e-05,0.0011489488,0.01282291268,0.06181440367,0.1796768666,1.021693859e-11,2.104174213e-10,2.547541118e-09,1.588794286e-08,0.006624343817,0.0004569372277,0.007556849801,0.05732776879,0.2063021587,0.4582781577,2.844432925e-10,4.833915741e-09,4.829265167e-08,2.522259681e-07,0.01536063291,0.002412316417,0.02831688457,0.1562537535,0.4367003655,0.767406132,2.407591529e-11,7.665512773e-10,1.275407062e-08,9.608633703e-08,0.0194030418,0.00326385575,0.04439437655,0.2461657293,0.6285065036,0.930853571
2,0.03452446035,0.03312908419,0.02852563756,0.02256800033,0.09073003793,0.03935282161,0.06885922996,0.1031947786,0.1295121352,0.1462154758,0.04893267565,0.04695496222,0.0404303429,0.03198638382,0.09814490537,0.03935280018,0.06885918025,0.1031946871,0.129511998,0.146215298,0.0008103782198,0.0007776253672,0.0006695707545,0.0005297296887,0.009427288235,0.001600318172,0.004511578271,0.0105284518,0.01894763326,0.02935848916,0.0005717625359,0.0005486537533,0.0004724157969,0.0003737509014,0.008715054703,0.001600319043,0.004511581528,0.01052846114,0.01894765332,0.02935852487,0.01495915384,0.01003092095,0.00603556575,0.003430045918,0.01996437085,0.002414093356,0.004382015357,0.006794615665,0.008287710483,0.009045879775,0.02186473789,0.0146614882,0.008821759879,0.005013455691,0.02174616059,0.002414091926,0.004382011915,0.006794609109,0.008287700932,0.009045867802,0.0003850910644,0.0002582244398,0.0001553726753,8.829918714e-05,0.002157494348,0.0001006459992,0.000288991754,0.0006859922161,0.001180762993,0.001743459033,0.0002634669806,0.0001766688967,0.0001063010114,6.041147764e-05,0.001980718255,0.0001006460589,0.0002889919811,0.000685992878,0.001180764353,0.001743461341,1.039694752e-06,1.51763262e-06,1.676651286e-06,1.435512683e-06,0.002266386804,4.616869931e-05,0.0003965433655,0.002164903461,0.006611123134,0.01471147599,2.970618039e-09,7.726455162e-09,1.38139138e-08,1.693356115e-08,0.0009262935653,5.707939572e-06,0.0001047799463,0.001041780997,0.004817515906,0.01473678924,1.344911912e-08,4.745792314e-08,1.199595554e-07,2.099822255e-07,0.002664454149,9.297086379e-05,0.001121023371,0.007894870623,0.03009907198,0.07984952271,5.652750174e-09,2.541453523e-08,8.184945313e-08,1.791752736e-07,0.003007461375,0.0001428873009,0.001670819722,0.01143616406,0.04307048009,0.1131836139,1.466116842e-09,8.951269559e-09,3.914821088e-08,1.136698525e-07,0.003133940365,0.0001887416828,0.002123066334,0.01401770774,0.05144235908,0.1320994421,6.1092741e-11,6.138345501e-10,4.239513537e-09,1.809370489e-08,0.00257926673,0.0001244588403,0.001655548501,0.01220531913,0.0471766538,0.1236617935,1.910529835e-13,4.692651696e-12,6.775813046e-11,4.971947982e-10,0.002204384875,4.615285822e-05,0.001155715032,0.01288765159,0.06209281513,0.1803987468,1.042065686e-11,2.139965014e-10,2.583430893e-09,1.606904568e-08,0.006638849645,0.0004584893784,0.007580294675,0.05748995941,0.2068616575,0.4594781508,2.906327168e-10,4.919036076e-09,4.894339725e-08,2.54666004e-07,0.01537350189,0.00241154536,0.02831807581,0.1563128254,0.4370137912,0.7682070643,2.472296526e-11,7.832475061e-10,1.296721417e-08,9.724464844e-08,0.01942282453,0.003263331948,0.04440697294,0.2463371612,0.6292176599,0.932301728
3,0.03452445883,0.03312908198,0.02852563501,0.02256799784,0.09073003134,0.03935281781,0.06885922411,0.1031947709,0.1295121266,0.1462154705,0.04893267384,0.04695495942,0.04043033958,0.03198638053,0.09814489884,0.03935279726,0.06885917644,0.1031946832,0.1295119951,0.1462153,0.0008103781737,0.000777625296,0.00066957067,0.0005297296048,0.009427287241,0.001600317954,0.00451157774,0.01052845074,0.01894763162,0.02935848767,0.0005717624992,0.0005486536991,0.0004724157339,0.0003737508396,0.00871505373,0.001600318789,0.004511580863,0.01052845969,0.01894765086,0.0293585219,0.01495915315,0.01003092026,0.006035565189,0.003430045524,0.01996436933,0.002414093104,0.004382014943,0.006794615086,0.008287709832,0.009045879458,0.02186473705,0.01466148729,0.008821759128,0.005013455155,0.02174615908,0.002414091732,0.004382011643,0.0067946088,0.008287700675,0.009045867978,0.0003850910423,0.0002582244159,0.0001553726555,8.829917301e-05,0.002157494117,0.0001006459852,0.0002889917187,0.0006859921438,0.001180762884,0.001743458958,0.0002634669634,0.0001766688789,0.000106300997,6.04114675e-05,0.00198071803,0.0001006460423,0.0002889919364,0.0006859927784,0.001180764188,0.00174346117,1.039694614e-06,1.517632304e-06,1.676650811e-06,1.435512176e-06,0.002266386393,4.616868502e-05,0.0003965432589,0.002164902961,0.006611121785,0.01471147397,2.970617508e-09,7.726452997e-09,1.381390853e-08,1.69335531e-08,0.0009262933604,5.707937197e-06,0.0001047799086,0.001041780677,0.004817514602,0.01473678631,1.345928716e-08,4.749338712e-08,1.200481463e-07,2.101355998e-07,0.002665248269,9.302280803e-05,0.001121554217,0.00789798474,0.03010916858,0.07987208547,5.673296717e-09,2.550584782e-08,8.21401063e-08,1.79804615e-07,0.003011768572,0.0001432710997,0.001674622783,0.01145784395,0.04313990922,0.1133372799,1.476794485e-09,9.015709832e-09,3.942675369e-08,1.144698178e-07,0.003142924091,0.0001897570413,0.002132742872,0.01407090925,0.05160835292,0.1324584021,6.192855158e-11,6.218849136e-10,4.29271542e-09,1.831131855e-08,0.002590617033,0.000125503432,0.001667374399,0.01227835546,0.04741919522,0.1242041182,1.965133664e-13,4.813388379e-12,6.930878924e-11,5.072715804e-10,0.002216151138,4.66417614e-05,0.00116632431,0.01298906798,0.06252874172,0.1815286023,1.074630208e-11,2.196916779e-10,2.640260415e-09,1.63543589e-08,0.006661272713,0.0004608743103,0.007616366249,0.0577398858,0.2077254565,0.4613344592,3.00526685e-10,5.054174294e-09,4.996846238e-08,2.584743575e-07,0.01539241551,0.00240988997,0.02831545966,0.1563846603,0.4374549488,0.769387325,2.57644249e-11,8.099097655e-10,1.330460603e-08,9.906014093e-08,0.01945216123,0.00326182455,0.04441886249,0.246570137,0.6302556318,0.9344784988
4,0.03452445683,0.03312907908,0.02852563167,0.02256799458,0.0907300227,0.03935281284,0.06885921643,0.1031947609,0.1295121153,0.1462154637,0.04893267147,0.04695495576,0.04043033523,0.03198637622,0.09814489029,0.03935279345,0.06885917145,0.1031946781,0.1295119912,0.1462153028,0.0008103781133,0.0007776252026,0.0006695705592,0.000529729495,0.009427285938,0.001600317668,0.004511577045,0.01052844936,0.01894762947,0.02935848571,0.0005717624512,0.0005486536281,0.0004724156513,0.0003737507585,0.008715052456,0.001600318456,0.004511579992,0.01052845781,0.01894764763,0.02935851802,0.01495915225,0.01003091934,0.006035564453,0.003430045009,0.01996436733,0.002414092774,0.004382014401,0.006794614327,0.00828770898,0.009045879042,0.02186473596,0.01466148611,0.008821758143,0.005013454453,0.0217461571,0.002414091479,0.004382011286,0.006794608395,0.008287700338,0.009045868208,0.0003850910134,0.0002582243846,0.0001553726295,8.829915448e-05,0.002157493815,0.0001006459667,0.0002889916725,0.000685992049,0.001180762741,0.001743458859,0.000263466941,0.0001766688557,0.0001063009782,6.041145421e-05,0.001980717735,0.0001006460207,0.0002889918779,0.0006859926479,0.001180763972,0.001743460947,1.039694433e-06,1.51763189e-06,1.676650188e-06,1.435511512e-06,0.002266385853,4.616866629e-05,0.0003965431191,0.002164902305,0.006611120017,0.01471147132,2.970616812e-09,7.72645016e-09,1.381390162e-08,1.693354255e-08,0.000926293092,5.707934086e-06,0.0001047798592,0.001041780257,0.004817512892,0.01473678247,1.347262801e-08,4.75399104e-08,1.201643466e-07,2.103367449e-07,0.002666288922,9.309088649e-05,0.001122249842,0.007902064861,0.03012239506,0.07990163729,5.700344178e-09,2.562602953e-08,8.252257983e-08,1.806326261e-07,0.003017420325,0.0001437753446,0.001679616726,0.0114862982,0.04323099501,0.1135387954,1.490909598e-09,9.100875643e-09,3.979479574e-08,1.155265886e-07,0.003154731729,0.0001910951859,0.002145482916,0.01414088771,0.05182652989,0.1329298758,6.303955568e-11,6.325772877e-10,4.363319596e-09,1.859989137e-08,0.002605531675,0.0001268820196,0.001682958528,0.01237446955,0.04773804321,0.1249163835,2.038687362e-13,4.975418028e-12,7.138173797e-11,5.206921145e-10,0.002231523143,4.728343157e-05,0.001180228796,0.01312181555,0.06309894949,0.1830057079,1.11847992e-11,2.27311303e-10,2.71576676e-09,1.673071734e-08,0.006690065117,0.0004639089651,0.007662358129,0.05805929267,0.2088325381,0.4637205583,3.138472506e-10,5.234359327e-09,5.132008113e-08,2.634301362e-07,0.01541486585,0.00240689842,0.0283037628,0.1564404325,0.4379402186,0.7707944346,2.718016032e-11,8.457518639e-10,1.375254624e-08,1.014367219e-07,0.01948749855,0.003258585,0.04441993818,0.246809276,0.6314733563,0.9371575128
5,0.03452445444,0.03312907562,0.02852562768,0.02256799068,0.09073001236,0.03935280689,0.06885920724,0.1031947488,0.1295121018,0.1462154554,0.04893266863,0.04695495137,0.04043033002,0.03198637105,0.09814488004,0.03935278888,0.06885916547,0.1031946719,0.1295119866,0.146215306,0.0008103780409,0.0007776250909,0.0006695704265,0.0005297293634,0.009427284379,0.001600317325,0.004511576212,0.0105284477,0.0189476269,0.02935848336,0.0005717623938,0.0005486535431,0.0004724155524,0.0003737506615,0.008715050931,0.001600318058,0.004511578948,0.01052845555,0.01894764376,0.02935851336,0.01495915117,0.01003091825,0.006035563573,0.003430044391,0.01996436495,0.002414092378,0.004382013751,0.006794613419,0.008287707959,0.009045878544,0.02186473465,0.01466148469,0.008821756963,0.005013453612,0.02174615473,0.002414091176,0.004382010859,0.006794607911,0.008287699934,0.009045868484,0.0003850909787,0.0002582243471,0.0001553725984,8.829913231e-05,0.002157493453,0.0001006459446,0.0002889916172,0.0006859919355,0.00118076257,0.001743458741,0.000263466914,0.0001766688279,0.0001063009556,6.04114383e-05,0.001980717382,0.0001006459947,0.0002889918079,0.0006859924916,0.001180763713,0.00174346068,1.039694216e-06,1.517631394e-06,1.676649441e-06,1.435510716e-06,0.002266385207,4.616864387e-05,0.0003965429518,0.002164901519,0.006611117901,0.01471146814,2.970615979e-09,7.726446763e-09,1.381389335e-08,1.693352993e-08,0.0009262927707,5.70793036e-06,0.0001047798001,0.001041779755,0.004817510845,0.01473677787,1.34886276e-08,4.759569531e-08,1.203036536e-07,2.105778458e-07,0.002667535087,9.317242152e-05,0.00112308281,0.007906949585,0.03013822669,0.0799370019,5.732916538e-09,2.577072707e-08,8.29829661e-08,1.816290901e-07,0.003024199251,0.0001443811081,0.001685612174,0.01152043723,0.04334022164,0.1137803215,1.507997069e-09,9.203945612e-09,4.024007859e-08,1.168047899e-07,0.003168923459,0.0001927089537,0.002160828017,0.01422507601,0.05208876629,0.1334960636,6.439374781e-11,6.455970478e-10,4.449204291e-09,1.895058167e-08,0.002623452177,0.0001285473866,0.001701750106,0.01249016638,0.04812136007,0.1257716461,2.129817817e-13,5.175231657e-12,7.392574861e-11,5.370856095e-10,0.002249857428,4.805305419e-05,0.001196876803,0.01328050981,0.06378004253,0.1847689324,1.172770121e-11,2.366695998e-10,2.807699712e-09,1.718482564e-08,0.006723649231,0.0004674049652,0.00771549194,0.05842948553,0.210120556,0.4665074683,3.303312205e-10,5.454643564e-09,5.29494836e-08,2.693049644e-07,0.01543825691,0.00240209674,0.02827746428,0.1564500614,0.4383826967,0.772270624,2.895314312e-11,8.900169394e-10,1.429716827e-08,1.042750786e-07,0.01952516179,0.003252829659,0.04439963675,0.2469968919,0.6327183173,0.9401051736
6,0.03452445173,0.03312907169,0.02852562316,0.02256798627,0.09073000065,0.03935280015,0.06885919684,0.1031947351,0.1295120866,0.1462154461,0.04893266542,0.0469549464,0.04043032412,0.0319863652,0.09814486845,0.03935278371,0.06885915871,0.103194665,0.1295119814,0.1462153097,0.000810377959,0.0007776249644,0.0006695702764,0.0005297292145,0.009427282613,0.001600316938,0.004511575269,0.01052844583,0.01894762399,0.02935848071,0.0005717623287,0.0005486534469,0.0004724154405,0.0003737505517,0.008715049204,0.001600317606,0.004511577767,0.01052845299,0.01894763938,0.0293585081,0.01495914994,0.01003091701,0.006035562576,0.003430043693,0.01996436225,0.00241409193,0.004382013016,0.00679461239,0.008287706803,0.00904587798,0.02186473316,0.01466148308,0.008821755628,0.00501345266,0.02174615204,0.002414090833,0.004382010376,0.006794607362,0.008287699478,0.009045868797,0.0003850909395,0.0002582243047,0.0001553725632,8.82991072e-05,0.002157493043,0.0001006459196,0.0002889915545,0.0006859918071,0.001180762376,0.001743458607,0.0002634668835,0.0001766687964,0.00010630093,6.041142029e-05,0.001980716982,0.0001006459653,0.0002889917287,0.0006859923148,0.00118076342,0.001743460377,1.039693971e-06,1.517630832e-06,1.676648597e-06,1.435509816e-06,0.002266384476,4.616861849e-05,0.0003965427625,0.002164900631,0.006611115505,0.01471146455,2.970615035e-09,7.726442917e-09,1.381388399e-08,1.693351563e-08,0.0009262924069,5.707926143e-06,0.0001047797332,0.001041779186,0.004817508528,0.01473677266,1.350677079e-08,4.765894083e-08,1.204615572e-07,2.108510765e-07,0.002668945732,9.326473432e-05,0.00112402568,0.007912477525,0.03015613888,0.07997700375,5.77003099e-09,2.593555787e-08,8.35072674e-08,1.827636012e-07,0.003031887471,0.0001450693825,0.001692419095,0.01155916852,0.04346406607,0.1140540084,1.527586e-09,9.322063907e-09,4.0750197e-08,1.18268631e-07,0.003185057352,0.0001945507677,0.00217831634,0.01432089156,0.05238689843,0.1341390973,6.595847695e-11,6.606234394e-10,4.548207992e-09,1.935438885e-08,0.002643817201,0.0001304517512,0.001723192963,0.01262192417,0.04855723687,0.1267428414,2.23709879e-13,5.409182903e-12,7.688768197e-11,5.560686325e-10,0.002270510079,4.892549604e-05,0.001215711514,0.01345973357,0.06454852956,0.1867569991,1.236608057e-11,2.475711279e-10,2.913711286e-09,1.770294867e-08,0.006760473274,0.0004711770338,0.007773036393,0.05883208841,0.2115281607,0.4695680963,3.496948969e-10,5.709763394e-09,5.480567445e-08,2.758647531e-07,0.01546013267,0.002395072469,0.0282316277,0.1563860332,0.4387013606,0.7736664909,3.106470197e-11,9.418847853e-10,1.492373651e-08,1.074720386e-07,0.01956165749,0.003243868596,0.04434839712,0.2470795615,0.6338465258,0.9430974868
7,0.03452444879,0.03312906742,0.02852561824,0.02256798147,0.09072998792,0.03935279282,0.06885918553,0.1031947203,0.12951207,0.146215436,0.04893266192,0.046954941,0.04043031771,0.03198635884,0.09814485585,0.03935277809,0.06885915135,0.1031946574,0.1295119757,0.1462153137,0.0008103778699,0.0007776248268,0.0006695701131,0.0005297290526,0.009427280694,0.001600316517,0.004511574243,0.01052844379,0.01894762083,0.02935847782,0.0005717622579,0.0005486533423,0.0004724153188,0.0003737504323,0.008715047326,0.001600317116,0.004511576483,0.0105284502,0.01894763462,0.02935850237,0.01495914862,0.01003091567,0.006035561492,0.003430042933,0.01996435931,0.002414091444,0.004382012217,0.006794611272,0.008287705547,0.009045877368,0.02186473155,0.01466148134,0.008821754177,0.005013451625,0.02174614913,0.00241409046,0.00438200985,0.006794606765,0.008287698981,0.009045869136,0.0003850908968,0.0002582242585,0.0001553725249,8.829907991e-05,0.002157492598,0.0001006458924,0.0002889914864,0.0006859916674,0.001180762166,0.001743458462,0.0002634668504,0.0001766687622,0.0001063009022,6.04114007e-05,0.001980716548,0.0001006459334,0.0002889916425,0.0006859921225,0.001180763101,0.001743460048,1.039693704e-06,1.517630222e-06,1.676647678e-06,1.435508836e-06,0.002266383681,4.61685909e-05,0.0003965425565,0.002164899664,0.0066111129,0.01471146064,2.97061401e-09,7.726438736e-09,1.38138738e-08,1.693350009e-08,0.0009262920114,5.707921557e-06,0.0001047796604,0.001041778568,0.004817506008,0.014736767,1.352653999e-08,4.772783834e-08,1.206335308e-07,2.111485861e-07,0.002670479813,9.336514394e-05,0.001125051003,0.007918487337,0.03017560752,0.08002046903,5.810687968e-09,2.611606763e-08,8.408126652e-08,1.840052964e-07,0.00304026599,0.000145820973,0.001699845959,0.01160139294,0.0435989894,0.1143519824,1.549189757e-09,9.452281798e-09,4.13123533e-08,1.198812187e-07,0.003202686502,0.0001965720212,0.002197477829,0.01442571509,0.05271266934,0.1348409508,6.76991704e-11,6.773179865e-10,4.658057538e-09,1.980187729e-08,0.002666059232,0.0001325459805,0.001746718514,0.01276616175,0.04903361146,0.1278026552,2.358886981e-13,5.673174646e-12,8.020912352e-11,5.772274206e-10,0.002292840651,4.987523609e-05,0.001236171086,0.01365405129,0.06538091598,0.1889087842,1.308954582e-11,2.597977023e-10,3.031270068e-09,1.827071506e-08,0.006799059818,0.0004750506337,0.007832414197,0.05924971754,0.212997058,0.472781068,3.716036805e-10,5.993876249e-09,5.683477368e-08,2.828730314e-07,0.01547836748,0.002385542387,0.02816258097,0.156226548,0.4388286791,0.7748524298,3.3490154e-11,1.000393898e-09,1.561615549e-08,1.109209412e-07,0.01959392748,0.00323121045,0.04425886044,0.2470135839,0.634734265,0.9459343492
8,0.03452444569,0.03312906293,0.02852561306,0.02256797642,0.09072997452,0.0393527851,0.06885917362,0.1031947047,0.1295120525,0.1462154253,0.04893265824,0.04695493531,0.04043031096,0.03198635214,0.09814484256,0.03935277216,0.0688591436,0.1031946494,0.1295119697,0.146215318,0.000810377776,0.0007776246819,0.0006695699411,0.000529728882,0.009427278672,0.001600316073,0.004511573163,0.01052844164,0.01894761749,0.02935847478,0.0005717621834,0.0005486532321,0.0004724151905,0.0003737503066,0.008715045348,0.001600316599,0.00451157513,0.01052844727,0.01894762961,0.02935849633,0.01495914722,0.01003091425,0.00603556035,0.003430042133,0.01996435621,0.002414090931,0.004382011375,0.006794610094,0.008287704223,0.009045876722,0.02186472985,0.0146614795,0.008821752647,0.005013450535,0.02174614605,0.002414090067,0.004382009296,0.006794606137,0.008287698458,0.009045869494,0.0003850908518,0.0002582242099,0.0001553724845,8.829905115e-05,0.002157492128,0.0001006458637,0.0002889914146,0.0006859915203,0.001180761944,0.001743458308,0.0002634668155,0.0001766687262,0.0001063008729,6.041138007e-05,0.00198071609,0.0001006458997,0.0002889915517,0.0006859919198,0.001180762765,0.001743459701,1.039693423e-06,1.517629579e-06,1.676646711e-06,1.435507805e-06,0.002266382843,4.616856182e-05,0.0003965423396,0.002164898646,0.006611110155,0.01471145653,2.970612929e-09,7.726434331e-09,1.381386308e-08,1.693348372e-08,0.0009262915947,5.707916726e-06,0.0001047795837,0.001041777916,0.004817503353,0.01473676104,1.354741411e-08,4.780056834e-08,1.208150241e-07,2.114624883e-07,0.002672096264,9.347096646e-05,0.001126131321,0.007924817762,0.03019610918,0.08006622653,5.85386312e-09,2.630769614e-08,8.46904228e-08,1.853226402e-07,0.003049114208,0.0001466164142,0.001707699072,0.01164600196,0.04374143016,0.1146663364,1.572297669e-09,9.591509025e-09,4.191315363e-08,1.216039896e-07,0.003221356768,0.0001987225809,0.00221783033,0.0145368737,0.05305768683,0.1355833717,6.95782423e-11,6.953146486e-10,4.776307545e-09,2.028294567e-08,0.002689602075,0.0001347789652,0.001771740241,0.01291921333,0.04953820659,0.1289234291,2.493173305e-13,5.962384478e-12,8.382355674e-11,6.00103742e-10,0.002316216208,5.087638581e-05,0.00125769018,0.01385803253,0.06625382253,0.1911636558,1.388539105e-11,2.730979946e-10,3.157602842e-09,1.887304421e-08,0.006838046991,0.0004788687378,0.007891295702,0.05966656514,0.214473786,0.4760340269,3.956472595e-10,6.300385338e-09,5.897998528e-08,2.900959226e-07,0.01549131699,0.002373402885,0.02806843115,0.1559579424,0.4387165631,0.7757277013,3.619486823e-11,1.064380818e-09,1.635672225e-08,1.145131136e-07,0.01961955181,0.003214640829,0.04412678762,0.246769237,0.6352874309,0.9484511316
9,0.03452444251,0.03312905832,0.02852560774,0.02256797123,0.09072996076,0.03935277718,0.0688591614,0.1031946886,0.1295120346,0.1462154144,0.04893265447,0.04695492948,0.04043030403,0.03198634527,0.09814482895,0.03935276609,0.06885913566,0.1031946413,0.1295119636,0.1462153223,0.0008103776798,0.0007776245333,0.0006695697647,0.0005297287071,0.009427276598,0.001600315617,0.004511572056,0.01052843943,0.01894761408,0.02935847166,0.000571762107,0.000548653119,0.000472415059,0.0003737501776,0.00871504332,0.001600316069,0.004511573742,0.01052844427,0.01894762446,0.02935849015,0.01495914578,0.01003091279,0.006035559179,0.003430041312,0.01996435304,0.002414090405,0.004382010511,0.006794608886,0.008287702866,0.00904587606,0.02186472811,0.01466147761,0.008821751079,0.005013449417,0.0217461429,0.002414089664,0.004382008728,0.006794605492,0.008287697921,0.009045869861,0.0003850908058,0.0002582241601,0.0001553724431,8.829902166e-05,0.002157491647,0.0001006458343,0.000288991341,0.0006859913694,0.001180761716,0.001743458151,0.0002634667796,0.0001766686892,0.0001063008429,6.041135891e-05,0.00198071562,0.0001006458652,0.0002889914586,0.0006859917121,0.001180762421,0.001743459346,1.039693135e-06,1.51762892e-06,1.676645719e-06,1.435506747e-06,0.002266381985,4.616853201e-05,0.0003965421171,0.002164897602,0.006611107341,0.01471145231,2.970611821e-09,7.726429814e-09,1.381385208e-08,1.693346692e-08,0.0009262911673,5.707911773e-06,0.0001047795051,0.001041777248,0.004817500631,0.01473675492,1.356886777e-08,4.787529814e-08,1.210014579e-07,2.117848543e-07,0.002673754001,9.357951461e-05,0.001127239167,0.007931307649,0.03021712129,0.08011310835,5.898501237e-09,2.650575151e-08,8.531979431e-08,1.866832646e-07,0.003058209582,0.0001474359092,0.001715782107,0.01169187557,0.04388779965,0.1149891239,1.596368443e-09,9.736475382e-09,4.253844758e-08,1.233962647e-07,0.003240605109,0.0002009504093,0.002238876689,0.01465162848,0.05341339297,0.1363478313,7.155419886e-11,7.142118361e-10,4.90029179e-09,2.07866437e-08,0.002713859152,0.0001370971569,0.001797649724,0.01307731092,0.05005848791,0.1300770995,2.637452242e-13,6.271034594e-12,8.765413054e-11,6.241845585e-10,0.002340015307,5.190279003e-05,0.001279702737,0.0140662827,0.06714412311,0.1934618363,1.473790401e-11,2.871801304e-10,3.289664821e-09,1.949419361e-08,0.006876221442,0.0004824974776,0.007947676187,0.06006887606,0.2159111614,0.4792263145,4.213215022e-10,6.621859709e-09,6.118217678e-08,2.973084022e-07,0.01549792695,0.002358761816,0.02794940325,0.1555763394,0.438340539,0.7762269615,3.913093303e-11,1.132439875e-09,1.712613267e-08,1.181403262e-07,0.01963689666,0.003194272098,0.04395167051,0.2463337306,0.6354482473,0.9505272802
10,0.03452443933,0.03312905371,0.02852560243,0.02256796605,0.09072994701,0.03935276927,0.06885914918,0.1031946726,0.1295120167,0.1462154035,0.04893265069,0.04695492365,0.0404302971,0.0319863384,0.09814481533,0.03935276001,0.06885912771,0.1031946331,0.1295119574,0.1462153267,0.0008103775835,0.0007776243847,0.0006695695883,0.0005297285322,0.009427274525,0.001600315162,0.004511570948,0.01052843723,0.01894761066,0.02935846854,0.0005717620306,0.000548653006,0.0004724149275,0.0003737500486,0.008715041291,0.001600315538,0.004511572355,0.01052844126,0.01894761932,0.02935848396,0.01495914435,0.01003091134,0.006035558009,0.003430040492,0.01996434987,0.002414089878,0.004382009647,0.006794607679,0.008287701509,0.009045875398,0.02186472637,0.01466147572,0.008821749511,0.005013448299,0.02174613974,0.002414089261,0.004382008161,0.006794604848,0.008287697385,0.009045870228,0.0003850907597,0.0002582241102,0.0001553724018,8.829899216e-05,0.002157491166,0.0001006458049,0.0002889912674,0.0006859912185,0.001180761489,0.001743457994,0.0002634667438,0.0001766686522,0.0001063008128,6.041133776e-05,0.001980715151,0.0001006458307,0.0002889913654,0.0006859915043,0.001180762077,0.00174345899,1.039692847e-06,1.51762826e-06,1.676644727e-06,1.435505689e-06,0.002266381126,4.61685022e-05,0.0003965418947,0.002164896557,0.006611104526,0.01471144808,2.970610713e-09,7.726425297e-09,1.381384108e-08,1.693345013e-08,0.00092629074,5.707906819e-06,0.0001047794265,0.00104177658,0.004817497909,0.01473674881,1.359037089e-08,4.795018044e-08,1.211882217e-07,2.121077083e-07,0.002675411917,9.368809761e-05,0.001128347068,0.007937795985,0.03023812233,0.08015995026,5.943512242e-09,2.670539331e-08,8.595398689e-08,1.880538642e-07,0.003067327419,0.0001482592917,0.001723895811,0.01173788115,0.04403447931,0.115312355,1.62082545e-09,9.883703366e-09,4.317321476e-08,1.252149362e-07,0.003259958542,0.000203201314,0.002260102868,0.01476716651,0.05377104512,0.1371154953,7.358096675e-11,7.335665034e-10,5.02708783e-09,2.130104092e-08,0.002738232575,0.0001394442739,0.001823814219,0.01323657423,0.05058164144,0.1312351681,2.788615201e-13,6.592215876e-12,9.161210213e-11,6.488957556e-10,0.00236363165,5.292818877e-05,0.001301645592,0.01427347754,0.06802908799,0.1957447543,1.562786929e-11,3.017075804e-10,3.424138092e-09,2.011790961e-08,0.006912541768,0.0004858303332,0.00799993253,0.06044529348,0.2172693279,0.4822709123,4.480181923e-10,6.950050359e-09,6.338096554e-08,3.043011019e-07,0.01549779767,0.002341951493,0.02780799798,0.1550884951,0.4377020533,0.77632409,4.22346747e-11,1.202905953e-09,1.790372487e-08,1.21697902e-07,0.01964520363,0.003170563692,0.04373702306,0.2457127791,0.6351991579,0.952091656
11,0.03452443623,0.03312904921,0.02852559725,0.02256796099,0.0907299336,0.03935276155,0.06885913726,0.1031946569,0.1295119992,0.1462153928,0.04893264701,0.04695491796,0.04043029034,0.0319863317,0.09814480205,0.03935275409,0.06885911996,0.1031946251,0.1295119515,0.1462153309,0.0008103774897,0.0007776242398,0.0006695694163,0.0005297283616,0.009427272502,0.001600314718,0.004511569868,0.01052843508,0.01894760733,0.0293584655,0.000571761956,0.0005486528958,0.0004724147993,0.0003737499228,0.008715039313,0.001600315021,0.004511571001,0.01052843833,0.01894761431,0.02935847792,0.01495914295,0.01003090992,0.006035556867,0.003430039691,0.01996434677,0.002414089366,0.004382008805,0.006794606501,0.008287700185,0.009045874753,0.02186472467,0.01466147388,0.008821747981,0.005013447208,0.02174613667,0.002414088868,0.004382007607,0.006794604219,0.008287696861,0.009045870586,0.0003850907147,0.0002582240616,0.0001553723614,8.829896341e-05,0.002157490696,0.0001006457762,0.0002889911956,0.0006859910713,0.001180761267,0.001743457841,0.0002634667089,0.0001766686162,0.0001063007836,6.041131713e-05,0.001980714693,0.000100645797,0.0002889912746,0.0006859913017,0.001180761741,0.001743458644,1.039692566e-06,1.517627617e-06,1.676643759e-06,1.435504658e-06,0.002266380288,4.616847312e-05,0.0003965416777,0.002164895539,0.006611101781,0.01471144397,2.970609633e-09,7.726420892e-09,1.381383035e-08,1.693343376e-08,0.0009262903233,5.707901988e-06,0.0001047793498,0.001041775928,0.004817495255,0.01473674284,1.361138851e-08,4.802335294e-08,1.213706723e-07,2.124230266e-07,0.002677028891,9.379402121e-05,0.001129427545,0.007944121909,0.03025859185,0.08020559201,5.987769324e-09,2.690162481e-08,8.65771314e-08,1.894001509e-07,0.003076240813,0.0001490660124,0.001731837908,0.01178287304,0.04417781998,0.1156279962,1.645054092e-09,1.002949308e-08,4.380150299e-08,1.270142997e-07,0.003278933723,0.0002054188293,0.002280977107,0.0148805977,0.05412170882,0.1378672132,7.56074815e-11,7.528906333e-10,5.15349661e-09,2.181315367e-08,0.002762112977,0.0001417611805,0.001849575818,0.01339300789,0.05109456973,0.1323687027,2.942876132e-13,6.917778536e-12,9.559604472e-11,6.736001419e-10,0.002386477002,5.392641142e-05,0.001322962349,0.01447439666,0.06888651412,0.1979553474,1.653230548e-11,3.162985165e-10,3.55745558e-09,2.072765144e-08,0.006946151002,0.0004887905172,0.008046854917,0.06078704906,0.2185163334,0.4850955158,4.750233922e-10,7.275993474e-09,6.551612495e-08,3.10886676e-07,0.01549120258,0.002323523617,0.02764897241,0.1545118462,0.4368288823,0.7760332259,4.542528879e-11,1.273861203e-09,1.866791115e-08,1.250879947e-07,0.0196446177,0.003144313972,0.04349035636,0.244930778,0.6345637881,0.9531244003
12,0.03452443329,0.03312904494,0.02852559233,0.02256795619,0.09072992088,0.03935275422,0.06885912595,0.1031946421,0.1295119826,0.1462153827,0.04893264351,0.04695491256,0.04043028393,0.03198632534,0.09814478944,0.03935274847,0.06885911261,0.1031946175,0.1295119458,0.1462153349,0.0008103774006,0.0007776241022,0.000669569253,0.0005297281997,0.009427270583,0.001600314297,0.004511568843,0.01052843304,0.01894760416,0.02935846261,0.0005717618853,0.0005486527912,0.0004724146776,0.0003737498034,0.008715037435,0.001600314531,0.004511569717,0.01052843555,0.01894760955,0.0293584722,0.01495914162,0.01003090858,0.006035555783,0.003430038932,0.01996434384,0.002414088879,0.004382008006,0.006794605383,0.008287698929,0.00904587414,0.02186472305,0.01466147213,0.00882174653,0.005013446173,0.02174613375,0.002414088494,0.004382007081,0.006794603623,0.008287696365,0.009045870926,0.000385090672,0.0002582240155,0.0001553723231,8.829893611e-05,0.002157490251,0.000100645749,0.0002889911275,0.0006859909317,0.001180761057,0.001743457695,0.0002634666758,0.000176668582,0.0001063007558,6.041129754e-05,0.001980714259,0.000100645765,0.0002889911885,0.0006859911094,0.001180761422,0.001743458315,1.039692299e-06,1.517627007e-06,1.676642841e-06,1.435503678e-06,0.002266379493,4.616844553e-05,0.0003965414718,0.002164894573,0.006611099176,0.01471144006,2.970608607e-09,7.726416711e-09,1.381382017e-08,1.693341822e-08,0.0009262899278,5.707897402e-06,0.000104779277,0.00104177531,0.004817492735,0.01473673718,1.363138092e-08,4.809293876e-08,1.215441352e-07,2.127227389e-07,0.002678563785,9.389458805e-05,0.001130453115,0.007950124721,0.0302780105,0.08024887721,6.030109369e-09,2.708929501e-08,8.717289051e-08,1.906868689e-07,0.003084720713,0.0001498351485,0.001739403188,0.01182569304,0.04431414312,0.1159279722,1.668401489e-09,1.016992076e-08,4.440642385e-08,1.287460453e-07,0.003297037184,0.0002075442391,0.002300950197,0.01498895632,0.05445626257,0.1385835283,7.757758006e-11,7.71650475e-10,5.276039106e-09,2.230893715e-08,0.002784880065,0.0001439859455,0.00187425218,0.01354250599,0.05158390584,0.1334483648,3.095738932e-13,7.23830251e-12,9.949190068e-11,6.975997865e-10,0.002407982961,5.48715696e-05,0.001343106888,0.0146639506,0.06969482234,0.2000382686,1.742446894e-11,3.305285972e-10,3.685845506e-09,2.130684791e-08,0.006976376873,0.0004913312589,0.008087649845,0.06108797604,0.2196281725,0.487642624,5.015245256e-10,7.590181097e-09,6.752905894e-08,3.169046389e-07,0.015479061,0.002304228116,0.02747915808,0.1538738008,0.4357737008,0.775407025,4.860479757e-11,1.343164214e-09,1.939671956e-08,1.282224566e-07,0.01963615352,0.003116626745,0.04322286081,0.2440296423,0.6336050037,0.9536552417
13,0.03452443058,0.03312904102,0.02852558781,0.02256795178,0.09072990917,0.03935274748,0.06885911555,0.1031946284,0.1295119673,0.1462153734,0.0489326403,0.04695490759,0.04043027804,0.03198631949,0.09814477785,0.0393527433,0.06885910584,0.1031946106,0.1295119405,0.1462153386,0.0008103773187,0.0007776239758,0.0006695691029,0.0005297280508,0.009427268818,0.001600313909,0.0045115679,0.01052843116,0.01894760125,0.02935845995,0.0005717618202,0.000548652695,0.0004724145657,0.0003737496936,0.008715035709,0.001600314079,0.004511568536,0.01052843299,0.01894760517,0.02935846693,0.0149591404,0.01003090734,0.006035554786,0.003430038233,0.01996434114,0.002414088431,0.00438200727,0.006794604354,0.008287697773,0.009045873576,0.02186472157,0.01466147053,0.008821745195,0.005013445221,0.02174613107,0.002414088151,0.004382006598,0.006794603074,0.008287695908,0.009045871238,0.0003850906328,0.0002582239731,0.0001553722879,8.8298911e-05,0.002157489841,0.000100645724,0.0002889910649,0.0006859908032,0.001180760863,0.001743457561,0.0002634666453,0.0001766685505,0.0001063007302,6.041127953e-05,0.001980713859,0.0001006457357,0.0002889911092,0.0006859909325,0.001180761129,0.001743458012,1.039692054e-06,1.517626446e-06,1.676641996e-06,1.435502778e-06,0.002266378762,4.616842015e-05,0.0003965412824,0.002164893684,0.006611096781,0.01471143647,2.970607664e-09,7.726412866e-09,1.381381081e-08,1.693340392e-08,0.000926289564,5.707893185e-06,0.0001047792101,0.001041774741,0.004817490418,0.01473673197,1.36498042e-08,4.815704795e-08,1.217039074e-07,2.129987334e-07,0.002679975451,9.398709812e-05,0.001131396296,0.007955643875,0.03029585997,0.08028865311,6.069335787e-09,2.726311086e-08,8.772449644e-08,1.918778745e-07,0.003092536141,0.0001505454382,0.001746383785,0.0118651716,0.04443974392,0.116204171,1.690178764e-09,1.030085253e-08,4.497021142e-08,1.303594256e-07,0.003313766222,0.0002095167505,0.002319456904,0.01508920755,0.05476541486,0.1392447071,7.943024445e-11,7.892689238e-10,5.390972125e-09,2.277334988e-08,0.002805903854,0.0001460540854,0.001897138865,0.01368086368,0.05203604433,0.1344444623,3.242016401e-13,7.54315986e-12,1.031739394e-10,7.201426039e-10,0.00242760117,5.573821293e-05,0.001361545811,0.0148371961,0.07043310102,0.2019399507,1.827414455e-11,3.439369011e-10,3.805389271e-09,2.183913999e-08,0.007002718841,0.0004934337971,0.008121911853,0.06134433013,0.2205882476,0.4898685522,5.2662541e-10,7.882770107e-09,6.936406064e-08,3.222236501e-07,0.01546286671,0.002284978871,0.02730713994,0.1532103544,0.4346109476,0.7745322584,5.165944421e-11,1.408497364e-09,2.006834453e-08,1.310247087e-07,0.01962160157,0.003088857259,0.04294883698,0.2430664341,0.6324202269,0.9537583059
14,0.03452442819,0.03312903755,0.02852558381,0.02256794788,0.09072989883,0.03935274153,0.06885910636,0.1031946164,0.1295119538,0.1462153651,0.04893263746,0.0469549032,0.04043027283,0.03198631432,0.09814476761,0.03935273873,0.06885909987,0.1031946044,0.1295119359,0.1462153419,0.0008103772463,0.000777623864,0.0006695689702,0.0005297279193,0.009427267258,0.001600313567,0.004511567067,0.01052842951,0.01894759868,0.02935845761,0.0005717617627,0.00054865261,0.0004724144668,0.0003737495966,0.008715034183,0.001600313681,0.004511567492,0.01052843073,0.0189476013,0.02935846227,0.01495913932,0.01003090624,0.006035553906,0.003430037616,0.01996433875,0.002414088035,0.004382006621,0.006794603446,0.008287696752,0.009045873079,0.02186472026,0.01466146911,0.008821744015,0.00501344438,0.02174612869,0.002414087848,0.004382006171,0.006794602589,0.008287695504,0.009045871514,0.0003850905981,0.0002582239356,0.0001553722568,8.829888883e-05,0.002157489479,0.0001006457019,0.0002889910095,0.0006859906898,0.001180760692,0.001743457443,0.0002634666183,0.0001766685227,0.0001063007076,6.041126362e-05,0.001980713506,0.0001006457097,0.0002889910392,0.0006859907763,0.00118076087,0.001743457745,1.039691837e-06,1.51762595e-06,1.67664125e-06,1.435501982e-06,0.002266378116,4.616839773e-05,0.0003965411151,0.002164892898,0.006611094664,0.01471143329,2.97060683e-09,7.726409468e-09,1.381380254e-08,1.69333913e-08,0.0009262892427,5.70788946e-06,0.000104779151,0.001041774239,0.004817488371,0.01473672737,1.366611087e-08,4.821377978e-08,1.218452632e-07,2.132428646e-07,0.002681222735,9.406884942e-05,0.001132229604,0.007960518967,0.03031162282,0.08032376998,6.104223872e-09,2.741766021e-08,8.821482097e-08,1.929362815e-07,0.003099454535,0.000151175339,0.001752569647,0.01190012993,0.04455089615,0.1164484512,1.709666181e-09,1.041797464e-08,4.54743501e-08,1.318016142e-07,0.003328610474,0.0002112738236,0.002335918592,0.01517825913,0.05503973353,0.1398307887,8.110024137e-11,8.051314059e-10,5.494325273e-09,2.319049723e-08,0.002824546558,0.0001478989966,0.00191751325,0.01380379565,0.05243718815,0.1353270244,3.375909512e-13,7.820679021e-12,1.065066497e-10,7.404329421e-10,0.002444801608,5.650141504e-05,0.001377759237,0.01498933467,0.07108107864,0.2036084923,1.904822736e-11,3.560345172e-10,3.912084619e-09,2.230856287e-08,0.007024821299,0.000495103001,0.008149562864,0.0615544106,0.2213862214,0.4917413142,5.4936767e-10,8.143795097e-09,7.096908005e-08,3.26740425e-07,0.01544457513,0.002266809763,0.02714282411,0.1525641314,0.4334321764,0.7735229591,5.446250406e-11,1.467425881e-09,2.066159976e-08,1.334301085e-07,0.0196033776,0.003062543373,0.04268492651,0.2421099549,0.6311342735,0.9535436122
15,0.0345244262,0.03312903466,0.02852558048,0.02256794462,0.09072989019,0.03935273656,0.06885909869,0.1031946063,0.1295119426,0.1462153583,0.04893263509,0.04695489954,0.04043026847,0.03198631,0.09814475905,0.03935273491,0.06885909488,0.1031945993,0.1295119321,0.1462153446,0.0008103771858,0.0007776237707,0.0006695688594,0.0005297278094,0.009427265956,0.001600313281,0.004511566371,0.01052842812,0.01894759654,0.02935845565,0.0005717617147,0.000548652539,0.0004724143842,0.0003737495156,0.008715032909,0.001600313348,0.004511566621,0.01052842884,0.01894759807,0.02935845839,0.01495913842,0.01003090533,0.00603555317,0.0034300371,0.01996433676,0.002414087705,0.004382006078,0.006794602687,0.0082876959,0.009045872663,0.02186471916,0.01466146792,0.00882174303,0.005013443678,0.02174612671,0.002414087595,0.004382005814,0.006794602184,0.008287695167,0.009045871744,0.0003850905692,0.0002582239043,0.0001553722308,8.82988703e-05,0.002157489177,0.0001006456834,0.0002889909633,0.000685990595,0.001180760549,0.001743457344,0.0002634665958,0.0001766684995,0.0001063006887,6.041125033e-05,0.001980713211,0.000100645688,0.0002889909807,0.0006859906458,0.001180760654,0.001743457521,1.039691656e-06,1.517625536e-06,1.676640627e-06,1.435501318e-06,0.002266377576,4.6168379e-05,0.0003965409754,0.002164892243,0.006611092896,0.01471143064,2.970606134e-09,7.726406631e-09,1.381379563e-08,1.693338075e-08,0.0009262889743,5.707886348e-06,0.0001047791016,0.001041773819,0.004817486661,0.01473672353,1.367975105e-08,4.826122609e-08,1.219634605e-07,2.134469634e-07,0.002682264479,9.413713868e-05,0.001132925561,0.007964589698,0.03032478227,0.08035308031,6.133528787e-09,2.754744573e-08,8.862647878e-08,1.93824675e-07,0.003105242235,0.0001517031119,0.001757749195,0.01192938278,0.04464385889,0.116652651,1.726121328e-09,1.051684145e-08,4.589977584e-08,1.330182667e-07,0.00334105417,0.0002127516659,0.002349747077,0.01525297816,0.05526968767,0.1403216534,8.251919457e-11,8.185955645e-10,5.581960671e-09,2.354385926e-08,0.002840165108,0.0001494525786,0.001934640041,0.01390696133,0.05277341087,0.1360658971,3.491153631e-13,8.058417109e-12,1.093475666e-10,7.576458352e-10,0.002459068695,5.71367634e-05,0.001391239467,0.01511569086,0.07161901165,0.2049933335,1.971158402e-11,3.663151836e-10,4.001906268e-09,2.269962847e-08,0.007042432726,0.0004963606505,0.008170759263,0.06171798136,0.2220162551,0.4932373551,5.687564907e-10,8.363351656e-09,7.229577998e-08,3.303747702e-07,0.0154264523,0.002250824279,0.02699692228,0.1519819581,0.4323400984,0.7725113532,5.687837382e-11,1.517461208e-09,2.115617862e-08,1.353844654e-07,0.01958431983,0.003039327299,0.0424491946,0.2412364857,0.6298900153,0.9531455156
16,0.03452442467,0.03312903245,0.02852557793,0.02256794214,0.0907298836,0.03935273276,0.06885909283,0.1031945986,0.129511934,0.146215353,0.04893263328,0.04695489674,0.04043026515,0.03198630671,0.09814475252,0.039352732,0.06885909107,0.1031945954,0.1295119291,0.1462153467,0.0008103771397,0.0007776236994,0.0006695687749,0.0005297277255,0.009427264962,0.001600313063,0.00451156584,0.01052842707,0.0189475949,0.02935845415,0.0005717616781,0.0005486524848,0.0004724143211,0.0003737494537,0.008715031937,0.001600313094,0.004511565956,0.0105284274,0.01894759561,0.02935845542,0.01495913773,0.01003090463,0.006035552609,0.003430036707,0.01996433524,0.002414087453,0.004382005664,0.006794602108,0.008287695249,0.009045872345,0.02186471833,0.01466146702,0.008821742279,0.005013443142,0.0217461252,0.002414087402,0.004382005542,0.006794601875,0.00828769491,0.00904587192,0.0003850905471,0.0002582238804,0.0001553722109,8.829885617e-05,0.002157488946,0.0001006456693,0.000288990928,0.0006859905227,0.00118076044,0.001743457269,0.0002634665787,0.0001766684818,0.0001063006743,6.041124019e-05,0.001980712986,0.0001006456715,0.0002889909361,0.0006859905462,0.001180760489,0.001743457351,1.039691518e-06,1.51762522e-06,1.676640151e-06,1.435500811e-06,0.002266377165,4.616836471e-05,0.0003965408687,0.002164891742,0.006611091547,0.01471142862,2.970605603e-09,7.726404466e-09,1.381379035e-08,1.69333727e-08,0.0009262887694,5.707883973e-06,0.0001047790639,0.001041773499,0.004817485356,0.0147367206,1.369017378e-08,4.829747542e-08,1.220537506e-07,2.136028508e-07,0.002683059526,9.418926227e-05,0.001133456688,0.007967695825,0.03033482182,0.08037543759,6.155996223e-09,2.764693022e-08,8.894196466e-08,1.945053948e-07,0.0031096651,0.0001521069294,0.001761710176,0.01195174213,0.04471488496,0.1168086008,1.738790503e-09,1.059294195e-08,4.62271539e-08,1.339542933e-07,0.003350579089,0.0002138858934,0.002360349743,0.0153102132,0.05544570199,0.1406971118,8.361711276e-11,8.290049288e-10,5.649656403e-09,2.381660616e-08,0.002852114281,0.0001506460499,0.001947778359,0.01398599675,0.0530307338,0.1366308583,3.58123513e-13,8.243542296e-12,1.115510089e-10,7.709445819e-10,0.002469895082,5.762023854e-05,0.001401487269,0.01521166824,0.07202748108,0.2060447083,2.022817267e-11,3.74267413e-10,4.07085821e-09,2.299728422e-08,0.007055350927,0.0004972364766,0.00818576788,0.06183549723,0.222474646,0.4943371483,5.837887565e-10,8.531725243e-09,7.329875411e-08,3.330606046e-07,0.01541088887,0.002238141009,0.02688037301,0.1515120473,0.4314414851,0.771636788,5.876773175e-11,1.556122235e-09,2.153266027e-08,1.368405637e-07,0.01956743783,0.003020871829,0.04226010283,0.2405248248,0.6288371314,0.9527083417
17,0.0345244237,0.03312903104,0.0285255763,0.02256794055,0.0907298794,0.03935273034,0.0688590891,0.1031945937,0.1295119285,0.1462153497,0.04893263212,0.04695489496,0.04043026304,0.03198630461,0.09814474836,0.03935273014,0.06885908864,0.1031945929,0.1295119272,0.146215348,0.0008103771103,0.000777623654,0.0006695687209,0.0005297276721,0.009427264328,0.001600312923,0.004511565502,0.01052842639,0.01894759385,0.0293584532,0.0005717616547,0.0005486524502,0.0004724142809,0.0003737494143,0.008715031316,0.001600312932,0.004511565532,0.01052842648,0.01894759404,0.02935845353,0.01495913729,0.01003090419,0.006035552251,0.003430036456,0.01996433427,0.002414087292,0.0043820054,0.006794601739,0.008287694834,0.009045872143,0.0218647178,0.01466146644,0.008821741799,0.0050134428,0.02174612424,0.002414087279,0.004382005369,0.006794601678,0.008287694746,0.009045872032,0.000385090533,0.0002582238652,0.0001553721983,8.829884715e-05,0.002157488799,0.0001006456604,0.0002889909055,0.0006859904765,0.001180760371,0.001743457221,0.0002634665677,0.0001766684705,0.0001063006652,6.041123372e-05,0.001980712843,0.0001006456609,0.0002889909076,0.0006859904826,0.001180760383,0.001743457242,1.039691429e-06,1.517625018e-06,1.676639848e-06,1.435500487e-06,0.002266376902,4.616835559e-05,0.0003965408007,0.002164891423,0.006611090686,0.01471142733,2.970605264e-09,7.726403085e-09,1.381378699e-08,1.693336757e-08,0.0009262886388,5.707882459e-06,0.0001047790398,0.001041773295,0.004817484524,0.01473671873,1.36968287e-08,4.832061823e-08,1.221113887e-07,2.137023539e-07,0.002683566726,9.422251713e-05,0.001133795511,0.007969677098,0.03034122492,0.08038969495,6.170375731e-09,2.771059311e-08,8.914382455e-08,1.949408878e-07,0.003112489267,0.0001523650095,0.001764240704,0.01196602159,0.04476023119,0.116908137,1.746923284e-09,1.064178473e-08,4.64372332e-08,1.345548413e-07,0.003356668203,0.0002146123587,0.002367135899,0.01534682156,0.05555822379,0.1409370133,8.432437534e-11,8.357065775e-10,5.693213707e-09,2.399200108e-08,0.002859750437,0.0001514109557,0.001956190398,0.014036553,0.05319521776,0.1369917515,3.639677827e-13,8.363323762e-12,1.12972691e-10,7.795014278e-10,0.002476773148,5.792798278e-05,0.001408005792,0.01527268346,0.072287099,0.2067128772,2.056239909e-11,3.793877848e-10,4.115015741e-09,2.318674562e-08,0.007063354762,0.0004977570946,0.008194812429,0.06190714404,0.2227568843,0.4950196941,5.934824002e-10,8.639457205e-09,7.393390896e-08,3.347331956e-07,0.01540018051,0.002229835727,0.0268037073,0.1512008277,0.4308390077,0.771032768,5.999357836e-11,1.580991145e-09,2.177224983e-08,1.377527808e-07,0.01955561547,0.003008772256,0.04213538705,0.2400506857,0.6281190858,0.9523693761
18,0.03452442336,0.03312903054,0.02852557573,0.02256794,0.09072987792,0.03935272949,0.06885908778,0.103194592,0.1295119266,0.1462153485,0.04893263172,0.04695489433,0.04043026229,0.03198630387,0.0981447469,0.03935272949,0.06885908778,0.103194592,0.1295119266,0.1462153485,0.0008103770999,0.000777623638,0.000669568702,0.0005297276533,0.009427264105,0.001600312875,0.004511565383,0.01052842616,0.01894759348,0.02935845286,0.0005717616465,0.0005486524381,0.0004724142668,0.0003737494004,0.008715031099,0.001600312875,0.004511565383,0.01052842616,0.01894759348,0.02935845286,0.01495913714,0.01003090403,0.006035552125,0.003430036368,0.01996433392,0.002414087235,0.004382005308,0.006794601609,0.008287694688,0.009045872072,0.02186471761,0.01466146624,0.008821741631,0.00501344268,0.0217461239,0.002414087235,0.004382005308,0.006794601609,0.008287694688,0.009045872072,0.000385090528,0.0002582238598,0.0001553721938,8.829884398e-05,0.002157488747,0.0001006456572,0.0002889908976,0.0006859904603,0.001180760346,0.001743457204,0.0002634665639,0.0001766684665,0.0001063006619,6.041123145e-05,0.001980712792,0.0001006456572,0.0002889908976,0.0006859904603,0.001180760346,0.001743457204,1.039691399e-06,1.517624947e-06,1.676639741e-06,1.435500374e-06,0.00226637681,4.616835239e-05,0.0003965407768,0.002164891311,0.006611090384,0.01471142687,2.970605145e-09,7.726402599e-09,1.381378581e-08,1.693336576e-08,0.0009262885929,5.707881926e-06,0.0001047790314,0.001041773223,0.004817484232,0.01473671807,1.369916801e-08,4.832875285e-08,1.221316472e-07,2.137373251e-07,0.002683744934,9.423420194e-05,0.001133914557,0.00797037318,0.03034347439,0.08039470335,6.175436672e-09,2.773299796e-08,8.921485978e-08,1.950941288e-07,0.003113482038,0.0001524557738,0.001765130491,0.0119710416,0.04477617038,0.1169431186,1.749790172e-09,1.065900068e-08,4.651127418e-08,1.347664811e-07,0.003358810005,0.0002148681421,0.002369524372,0.0153597018,0.0555978023,0.1410213742,8.457415072e-11,8.380725911e-10,5.708586785e-09,2.405388662e-08,0.002862435884,0.0001516803643,0.001959151656,0.01405434133,0.05325307023,0.1371186414,3.660393876e-13,8.405722216e-12,1.134751707e-10,7.825213703e-10,0.002479184448,5.803597784e-05,0.00141029249,0.01529408125,0.07237813597,0.2069471635,2.068069497e-11,3.811955075e-10,4.130560768e-09,2.325322731e-08,0.007066122971,0.000497932956,0.008197892053,0.06193170195,0.2228541614,0.4952559758,5.969072253e-10,8.677362609e-09,7.415616358e-08,3.353131945e-07,0.01539627433,0.002226878584,0.02677634707,0.1510893797,0.4306219532,0.7708120517,6.042807174e-11,1.58976578e-09,2.185630555e-08,1.38070129e-07,0.01955126755,0.003004461615,0.04209082018,0.2398803985,0.6278582658,0.9522392
