round,Step,A1,A2,A3,A4,A5,A6,B1,B2,B3,B4,B5,B6
1,0,-29.67224,-15.02696539,9.745189273,-1.741218739e-06,5.399538227,5.087865181e-08,-30.0262184,-23.43595275,-6.999491627,-6.465610994e-05,29.69089509,-0.0007141161908
1,1,-29.66014664,-15.0269654,9.745189273,-1.741218739e-06,5.39953822,5.087865181e-08,-30.01398373,-23.43595275,-6.999491627,-6.464920025e-05,29.6908951,-0.0007141049971
1,2,-29.62413455,-15.02696543,9.745189273,-1.741218739e-06,5.399538199,5.087865181e-08,-29.97755084,-23.43595277,-6.999491627,-6.462862428e-05,29.69089512,-0.0007140716641
1,3,-29.56460574,-15.02696549,9.745189273,-1.741218739e-06,5.399538165,5.087865181e-08,-29.91732643,-23.4359528,-6.999491627,-6.459461173e-05,29.69089516,-0.0007140165638
1,4,-29.48196219,-15.02696557,9.745189273,-1.741218739e-06,5.399538117,5.087865181e-08,-29.83371719,-23.43595284,-6.999491627,-6.454739228e-05,29.6908952,-0.0007139400683
1,5,-29.37660591,-15.02696567,9.745189273,-1.741218739e-06,5.399538056,5.087865181e-08,-29.72712981,-23.43595288,-6.999491627,-6.448719562e-05,29.69089526,-0.0007138425498
1,6,-29.24893888,-15.02696579,9.745189273,-1.741218739e-06,5.399537982,5.087865181e-08,-29.59797099,-23.43595294,-6.999491627,-6.441425143e-05,29.69089534,-0.0007137243803
1,7,-29.0993631,-15.02696593,9.745189273,-1.741218739e-06,5.399537896,5.087865181e-08,-29.44664741,-23.43595301,-6.999491627,-6.43287894e-05,29.69089542,-0.0007135859319
1,8,-28.92828057,-15.0269661,9.745189273,-1.741218739e-06,5.399537797,5.087865181e-08,-29.27356578,-23.43595309,-6.999491627,-6.423103921e-05,29.69089552,-0.0007134275767
1,9,-28.73609329,-15.02696628,9.745189273,-1.741218739e-06,5.399537686,5.087865181e-08,-29.07913278,-23.43595318,-6.999491627,-6.412123054e-05,29.69089564,-0.0007132496868
1,10,-28.52320324,-15.02696648,9.745189273,-1.741218739e-06,5.399537563,5.087865181e-08,-28.8637551,-23.43595328,-6.999491627,-6.399959309e-05,29.69089576,-0.0007130526343
1,11,-28.29001243,-15.02696671,9.745189273,-1.741218739e-06,5.399537428,5.087865181e-08,-28.62783944,-23.43595339,-6.999491627,-6.386635654e-05,29.69089589,-0.0007128367912
1,12,-28.03692285,-15.02696695,9.745189273,-1.741218739e-06,5.399537281,5.087865181e-08,-28.3717925,-23.4359535,-6.999491627,-6.372175057e-05,29.69089604,-0.0007126025297
1,13,-27.76433649,-15.02696721,9.745189273,-1.741218739e-06,5.399537124,5.087865181e-08,-28.09602096,-23.43595363,-6.999491627,-6.356600487e-05,29.6908962,-0.0007123502219
1,14,-27.47265535,-15.02696748,9.745189273,-1.741218739e-06,5.399536955,5.087865181e-08,-27.80093151,-23.43595377,-6.999491627,-6.339934912e-05,29.69089637,-0.0007120802397
1,15,-27.16228143,-15.02696778,9.745189273,-1.741218739e-06,5.399536775,5.087865181e-08,-27.48693086,-23.43595391,-6.999491627,-6.322201301e-05,29.69089655,-0.0007117929554
1,16,-26.83361672,-15.02696809,9.745189273,-1.741218739e-06,5.399536585,5.087865181e-08,-27.15442568,-23.43595406,-6.999491627,-6.303422622e-05,29.69089674,-0.0007114887411
1,17,-26.48706322,-15.02696842,9.745189273,-1.741218739e-06,5.399536385,5.087865181e-08,-26.80382268,-23.43595422,-6.999491627,-6.283621844e-05,29.69089694,-0.0007111679687
1,18,-26.12302291,-15.02696877,9.745189273,-1.741218739e-06,5.399536174,5.087865181e-08,-26.43552855,-23.43595439,-6.999491627,-6.262821936e-05,29.69089715,-0.0007108310104
1,19,-25.74189781,-15.02696914,9.745189273,-1.741218739e-06,5.399535954,5.087865181e-08,-26.04994998,-23.43595457,-6.999491627,-6.241045865e-05,29.69089737,-0.0007104782383
1,20,-25.34408989,-15.02696951,9.745189273,-1.741218739e-06,5.399535723,5.087865181e-08,-25.64749366,-23.43595475,-6.999491627,-6.218316601e-05,29.6908976,-0.0007101100245
1,21,-24.93000116,-15.02696991,9.745189273,-1.741218739e-06,5.399535484,5.087865181e-08,-25.22856629,-23.43595494,-6.999491627,-6.194657112e-05,29.69089784,-0.0007097267411
1,22,-24.50003362,-15.02697032,9.745189273,-1.741218739e-06,5.399535235,5.087865181e-08,-24.79357456,-23.43595514,-6.999491627,-6.170090366e-05,29.69089809,-0.0007093287601
1,23,-24.05458926,-15.02697074,9.745189273,-1.741218739e-06,5.399534977,5.087865181e-08,-24.34292516,-23.43595535,-6.999491627,-6.144639333e-05,29.69089834,-0.0007089164536
1,24,-23.59407006,-15.02697118,9.745189273,-1.741218739e-06,5.399534711,5.087865181e-08,-23.87702478,-23.43595556,-6.999491627,-6.11832698e-05,29.69089861,-0.0007084901938
1,25,-23.11887804,-15.02697164,9.745189273,-1.741218739e-06,5.399534436,5.087865181e-08,-23.39628011,-23.43595578,-6.999491627,-6.091176275e-05,29.69089888,-0.0007080503527
1,26,-22.62941518,-15.0269721,9.745189273,-1.741218739e-06,5.399534153,5.087865181e-08,-22.90109786,-23.43595601,-6.999491627,-6.063210189e-05,29.69089917,-0.0007075973024
1,27,-22.12608349,-15.02697258,9.745189273,-1.741218739e-06,5.399533862,5.087865181e-08,-22.39188471,-23.43595624,-6.999491627,-6.034451688e-05,29.69089946,-0.0007071314151
1,28,-21.60928494,-15.02697308,9.745189273,-1.741218739e-06,5.399533563,5.087865181e-08,-21.86904735,-23.43595648,-6.999491627,-6.004923743e-05,29.69089976,-0.0007066530627
1,29,-21.07942155,-15.02697358,9.745189273,-1.741218739e-06,5.399533256,5.087865181e-08,-21.33299248,-23.43595672,-6.999491627,-5.97464932e-05,29.69090006,-0.0007061626174
1,30,-20.53689531,-15.0269741,9.745189273,-1.741218739e-06,5.399532942,5.087865181e-08,-20.78412679,-23.43595698,-6.999491627,-5.943651389e-05,29.69090038,-0.0007056604513
1,31,-19.9821082,-15.02697463,9.745189273,-1.741218739e-06,5.399532622,5.087865181e-08,-20.22285697,-23.43595723,-6.999491627,-5.911952918e-05,29.6909007,-0.0007051469364
1,32,-19.41546223,-15.02697517,9.745189273,-1.741218739e-06,5.399532294,5.087865181e-08,-19.64958972,-23.43595749,-6.999491627,-5.879576876e-05,29.69090103,-0.0007046224449
1,33,-18.8373594,-15.02697572,9.745189273,-1.741218739e-06,5.399531959,5.087865181e-08,-19.06473173,-23.43595776,-6.999491627,-5.846546231e-05,29.69090136,-0.0007040873488
1,34,-18.24820169,-15.02697628,9.745189273,-1.741218739e-06,5.399531618,5.087865181e-08,-18.46868969,-23.43595803,-6.999491627,-5.812883951e-05,29.6909017,-0.0007035420203
1,35,-17.6483911,-15.02697685,9.745189273,-1.741218739e-06,5.399531271,5.087865181e-08,-17.86187029,-23.43595831,-6.999491627,-5.778613006e-05,29.69090205,-0.0007029868314
1,36,-17.03832963,-15.02697743,9.745189273,-1.741218739e-06,5.399530919,5.087865181e-08,-17.24468022,-23.43595859,-6.999491627,-5.743756364e-05,29.6909024,-0.0007024221542
1,37,-16.41841928,-15.02697803,9.745189273,-1.741218739e-06,5.39953056,5.087865181e-08,-16.61752619,-23.43595888,-6.999491627,-5.708336993e-05,29.69090276,-0.0007018483608
1,38,-15.78906204,-15.02697863,9.745189273,-1.741218739e-06,5.399530196,5.087865181e-08,-15.98081487,-23.43595917,-6.999491627,-5.672377861e-05,29.69090313,-0.0007012658233
1,39,-15.15065989,-15.02697923,9.745189273,-1.741218739e-06,5.399529827,5.087865181e-08,-15.33495298,-23.43595947,-6.999491627,-5.635901938e-05,29.69090349,-0.0007006749137
1,40,-14.50361485,-15.02697985,9.745189273,-1.741218739e-06,5.399529452,5.087865181e-08,-14.68034718,-23.43595977,-6.999491627,-5.598932192e-05,29.69090387,-0.0007000760043
1,41,-13.84832891,-15.02698048,9.745189273,-1.741218739e-06,5.399529073,5.087865181e-08,-14.01740419,-23.43596007,-6.999491627,-5.561491591e-05,29.69090425,-0.000699469467
1,42,-13.18520405,-15.02698111,9.745189273,-1.741218739e-06,5.399528689,5.087865181e-08,-13.34653069,-23.43596038,-6.999491627,-5.523603104e-05,29.69090463,-0.0006988556739
1,43,-12.51464228,-15.02698175,9.745189273,-1.741218739e-06,5.399528302,5.087865181e-08,-12.66813338,-23.43596069,-6.999491627,-5.4852897e-05,29.69090502,-0.0006982349972
1,44,-12.20049021,-15.01742675,9.73930822,5.423553399e-07,5.398663758,-2.073149799e-05,-12.34689947,-23.41969298,-6.991770555,-0.0001481473704,29.69136895,-0.0007187210035
1,45,-11.91012623,-14.98908373,9.722007095,7.066830934e-06,5.396113201,-8.18048614e-05,-12.04314733,-23.37164409,-6.968976888,-0.0004220698051,29.69274389,-0.0007795092252
1,46,-11.64252902,-14.94243656,9.693798944,1.734283808e-05,5.391940675,-0.0001812585618,-11.75620014,-23.29294583,-6.931664948,-0.000867119267,29.69500518,-0.0008786886492
1,47,-11.39667728,-14.87796914,9.655196816,3.088100681e-05,5.386210223,-0.0003171819496,-11.48538109,-23.18473002,-6.880389056,-0.001473794822,29.69812812,-0.001014348263
1,48,-11.17154972,-14.79616536,9.606713759,4.719196717e-05,5.37898589,-0.0004876643748,-11.23001337,-23.04812847,-6.815703535,-0.002232595538,29.70208804,-0.001184577053
1,49,-10.96612502,-14.69750909,9.548862821,6.578634919e-05,5.37033172,-0.0006907951879,-10.98942019,-22.884273,-6.738162707,-0.003134020478,29.70686025,-0.001387464006
1,50,-10.77938189,-14.58248423,9.48215705,8.61747829e-05,5.360311757,-0.000924663739,-10.76292473,-22.69429542,-6.648320894,-0.004168568711,29.71242008,-0.00162109811
1,51,-10.61029901,-14.45157466,9.407109494,0.0001078678983,5.348990045,-0.001187359378,-10.54985019,-22.47932755,-6.546732418,-0.005326739302,29.71874284,-0.001883568351
1,52,-10.4578551,-14.30526426,9.324233201,0.0001303763256,5.336430628,-0.001476971456,-10.34951975,-22.24050119,-6.433951601,-0.006599031317,29.72580386,-0.002172963717
1,53,-10.32102883,-14.14403694,9.234041218,0.0001532106946,5.32269755,-0.001791589323,-10.16125662,-21.97894818,-6.310532766,-0.007975943823,29.73357844,-0.002487373195
1,54,-10.19879892,-13.96837656,9.137046595,0.0001758816354,5.307854855,-0.002129302329,-9.984383983,-21.69580031,-6.177030234,-0.009447975884,29.74204191,-0.002824885771
1,55,-10.09014405,-13.77876702,9.033762378,0.0001978997782,5.291966588,-0.002488199824,-9.818225036,-21.39218941,-6.033998327,-0.01100562657,29.75116959,-0.003183590433
1,56,-9.994042919,-13.5756922,8.924701617,0.0002187757528,5.275096791,-0.002866371158,-9.66210297,-21.06924728,-5.881991368,-0.01263939494,29.76093679,-0.003561576168
1,57,-9.909474231,-13.359636,8.810377358,0.0002380201894,5.257309511,-0.003261905683,-9.515340978,-20.72810575,-5.721563678,-0.01433978007,29.77131885,-0.003956931962
1,58,-9.835416679,-13.13108229,8.69130265,0.000255143718,5.23866879,-0.003672892747,-9.377262255,-20.36989662,-5.55326958,-0.01609728102,29.78229106,-0.004367746803
1,59,-9.770848958,-12.89051496,8.567990542,0.0002696569686,5.219238672,-0.004097421702,-9.247189993,-19.99575172,-5.377663396,-0.01790239686,29.79382876,-0.004792109678
1,60,-9.714749766,-12.63841791,8.44095408,0.0002810705712,5.199083202,-0.004533581897,-9.124447385,-19.60680286,-5.195299447,-0.01974562665,29.80590725,-0.005228109574
1,61,-9.666097798,-12.375275,8.310706313,0.0002888951559,5.178266423,-0.004979462683,-9.008357623,-19.20418184,-5.006732056,-0.02161746946,29.81850187,-0.005673835478
1,62,-9.623871752,-12.10157014,8.177760289,0.0002926413528,5.156852381,-0.005433153411,-8.898243903,-18.78902049,-4.812515546,-0.02350842435,29.83158793,-0.006127376377
1,63,-9.587050324,-11.81778721,8.042629056,0.0002918197919,5.134905118,-0.005892743429,-8.793429415,-18.36245062,-4.613204237,-0.0254089904,29.84514074,-0.006586821257
1,64,-9.554612211,-11.5244101,7.905825662,0.0002859411031,5.112488679,-0.006356322089,-8.693237354,-17.92560405,-4.409352453,-0.02730966666,29.85913563,-0.007050259107
1,65,-9.525536108,-11.22192268,7.767863155,0.0002745159166,5.089667108,-0.006821978741,-8.596990912,-17.47961258,-4.201514514,-0.02920095221,29.87354792,-0.007515778912
1,66,-9.498800713,-10.91080886,7.629254583,0.0002570548623,5.066504449,-0.007287802735,-8.504013283,-17.02560804,-3.990244745,-0.03107334611,29.88835292,-0.007981469661
1,67,-9.473384721,-10.5915525,7.490512994,0.0002330685704,5.043064747,-0.007751883421,-8.41362766,-16.56472224,-3.776097465,-0.03291734743,29.90352595,-0.00844542034
1,68,-9.44826683,-10.26463751,7.352151436,0.0002020676708,5.019412044,-0.00821231015,-8.325157235,-16.09808698,-3.559626998,-0.03472345522,29.91904233,-0.008905719936
1,69,-9.422425736,-9.930547766,7.214682957,0.0001635627935,4.995610386,-0.008667172272,-8.237925202,-15.6268341,-3.341387665,-0.03648216857,29.93487738,-0.009360457436
1,70,-9.394840135,-9.589767155,7.078620605,0.0001170645687,4.971723816,-0.009114559137,-8.151254754,-15.1520954,-3.121933789,-0.03818398653,29.95100642,-0.009807721827
1,71,-9.364488724,-9.242779562,6.944477428,6.208362636e-05,4.947816378,-0.009552560095,-8.064469084,-14.67500269,-2.901819692,-0.03981940817,29.96740477,-0.0102456021
1,72,-9.3303502,-8.890068876,6.812766474,-1.869403502e-06,4.923952117,-0.009979264497,-7.976891385,-14.19668779,-2.681599696,-0.04137893256,29.98404774,-0.01067218723
1,73,-9.291403258,-8.532118983,6.684000791,-7.528389084e-05,4.900195077,-0.01039276169,-7.887844851,-13.71828252,-2.461828122,-0.04285305877,30.00091066,-0.01108556622
1,74,-9.246626596,-8.169413769,6.558693427,-0.0001586492056,4.876609301,-0.01079114103,-7.796652673,-13.24091869,-2.243059293,-0.04423228585,30.01796884,-0.01148382804
1,75,-9.194998909,-7.802437119,6.43735743,-0.0002524547178,4.853258834,-0.01117249187,-7.702638046,-12.76572811,-2.025847532,-0.04550711288,30.0351976,-0.0118650617
1,76,-9.135498895,-7.431672922,6.320505848,-0.0003571897974,4.830207719,-0.01153490354,-7.605124163,-12.2938426,-1.810747159,-0.04666803892,30.05257227,-0.01222735616
1,77,-9.066248669,-7.052137108,6.206952677,-0.0004750143375,4.807182357,-0.01188171094,-7.502051629,-11.81946938,-1.595158638,-0.04772185383,30.07032426,-0.0125740443
1,78,-8.988041072,-6.669729229,6.098425893,-0.0006044527282,4.784537282,-0.01220765845,-7.394772609,-11.34992894,-1.38240491,-0.04865152809,30.08817784,-0.01289987215
1,79,-8.901073395,-6.284977847,5.994807741,-0.0007453647333,4.762278719,-0.01251334792,-7.283379249,-10.88548695,-1.172576818,-0.04945994486,30.10610984,-0.01320544158
1,80,-8.805542927,-5.898411522,5.895980469,-0.0008976101164,4.740412892,-0.01279938123,-7.167963695,-10.42640908,-0.965765206,-0.05014998731,30.12409706,-0.01349135445
1,81,-8.701646961,-5.510558815,5.801826322,-0.001061048641,4.718946027,-0.01306636022,-7.048618092,-9.972960988,-0.762060916,-0.05072453858,30.14211634,-0.01375821265
1,82,-8.589582787,-5.121948287,5.712227548,-0.001235540071,4.697884347,-0.01331488675,-6.925434587,-9.52540836,-0.5615547911,-0.05118648184,30.16014448,-0.01400661803
1,83,-8.469547696,-4.733108499,5.627066392,-0.00142094417,4.677234078,-0.0135455627,-6.798505326,-9.08401686,-0.3643376742,-0.05153870025,30.17815831,-0.01423717247
1,84,-8.341738978,-4.344568013,5.5462251,-0.001617120702,4.657001443,-0.01375898992,-6.667922455,-8.64905216,-0.1705004081,-0.05178407698,30.19613464,-0.01445047784
1,85,-8.206353925,-3.956855388,5.469585919,-0.00182392943,4.637192669,-0.01395577027,-6.533778119,-8.22077993,0.01986616424,-0.05192549517,30.21405029,-0.01464713601
1,86,-8.063589828,-3.570499186,5.397031096,-0.002041230118,4.617813978,-0.01413650561,-6.396164465,-7.79946584,0.2066712,-0.05196583799,30.23188208,-0.01482774884
1,87,-7.913643976,-3.186027967,5.328442877,-0.002268882529,4.598871597,-0.01430179781,-6.25517364,-7.385375559,0.3898238563,-0.0519079886,30.24960682,-0.01499291821
1,88,-7.756713662,-2.803970294,5.263703508,-0.002506746428,4.580371749,-0.01445224871,-6.110897788,-6.97877476,0.5692332902,-0.05175483016,30.26720134,-0.01514324598
1,89,-7.592996176,-2.424854725,5.202695235,-0.002754681578,4.562320659,-0.01458846019,-5.963429056,-6.579929111,0.744808659,-0.05150924583,30.28464244,-0.01527933403
1,90,-7.422688809,-2.049209823,5.145300305,-0.003012547743,4.544724552,-0.01471103411,-5.81285959,-6.189104284,0.9164591196,-0.05117411878,30.30190696,-0.01540178422
1,91,-7.245988851,-1.677564149,5.091400964,-0.003280204686,4.527589652,-0.01482057232,-5.659281536,-5.806565948,1.084093829,-0.05075233215,30.3189717,-0.01551119843
1,92,-7.063093594,-1.310446263,5.040879458,-0.003557512171,4.510922185,-0.01491767668,-5.50278704,-5.432579774,1.247621945,-0.05024676911,30.33581349,-0.01560817852
1,93,-6.874200328,-0.9483847254,4.993618035,-0.003844329961,4.494728374,-0.01500294906,-5.343468248,-5.067411432,1.406952624,-0.04966031282,30.35240914,-0.01569332637
1,94,-6.679506345,-0.5919080983,4.949498939,-0.004140517821,4.479014444,-0.01507699132,-5.181417306,-4.711326593,1.561995024,-0.04899584644,30.36873547,-0.01576724384
1,95,-6.479208934,-0.2415449422,4.908404418,-0.004445935513,4.46378662,-0.01514040531,-5.01672636,-4.364590927,1.712658301,-0.04825625313,30.3847693,-0.0158305328
1,96,-6.273505388,0.102176182,4.870216718,-0.004760442803,4.449051127,-0.01519379291,-4.849487556,-4.027470104,1.858851612,-0.04744441606,30.40048745,-0.01588379513
1,97,-6.062592996,0.4387267134,4.834818085,-0.005083899453,4.434814189,-0.01523775596,-4.67979304,-3.700229794,2.000484116,-0.04656321837,30.41586673,-0.01592763269
1,98,-5.84666905,0.7675780911,4.802090766,-0.005416165226,4.42108203,-0.01527289633,-4.507734958,-3.383135669,2.137464968,-0.04561554323,30.43088396,-0.01596264735
1,99,-5.62593084,1.088201754,4.771917007,-0.005757099887,4.407860876,-0.01529981587,-4.333405457,-3.076453397,2.269703326,-0.0446042738,30.44551596,-0.01598944098
1,100,-5.400575657,1.400069142,4.744179054,-0.0061065632,4.395156951,-0.01531911646,-4.156896681,-2.78044865,2.397108348,-0.04353229324,30.45973955,-0.01600861545
1,101,-5.170800793,1.702651693,4.718759153,-0.006464414928,4.38297648,-0.01533139995,-3.978300778,-2.495387098,2.51958919,-0.04240248471,30.47353154,-0.01602077263
1,102,-4.936803538,1.995420847,4.695539552,-0.006830514834,4.371325687,-0.0153372682,-3.797709893,-2.221534411,2.637055009,-0.04121773138,30.48686876,-0.01602651439
1,103,-4.698781183,2.277848042,4.674402496,-0.007204722682,4.360210796,-0.01533732308,-3.615216172,-1.959156259,2.749414963,-0.03998091639,30.49972802,-0.01602644261
1,104,-4.456931018,2.549404719,4.655230231,-0.007586898237,4.349638034,-0.01533216643,-3.430911761,-1.708518313,2.856578208,-0.03869492291,30.51208613,-0.01602115914
1,105,-4.211450335,2.809562315,4.637905005,-0.007976901261,4.339613623,-0.01532240013,-3.244888807,-1.469886244,2.958453902,-0.0373626341,30.52391992,-0.01601126586
1,106,-3.962536424,3.05779227,4.622309063,-0.008374591518,4.330143789,-0.01530862604,-3.057239454,-1.24352572,3.054951202,-0.03598693313,30.53520621,-0.01599736464
1,107,-3.710386577,3.293566023,4.608324652,-0.008779828772,4.321234757,-0.01529144601,-2.868055851,-1.029702414,3.145979265,-0.03457070314,30.54592181,-0.01598005735
1,108,-3.455198083,3.516355014,4.595834017,-0.009192472787,4.312892751,-0.0152714619,-2.677430141,-0.8286819947,3.231447249,-0.0331168273,30.55604354,-0.01595994585
1,109,-3.197168235,3.725630681,4.584719406,-0.009612383326,4.305123995,-0.01524927558,-2.485454472,-0.6407301328,3.311264309,-0.03162818878,30.56554821,-0.01593763203
1,110,-2.936494322,3.920864463,4.574863065,-0.01003942015,4.297934714,-0.01522548891,-2.292220989,-0.4661124986,3.385339604,-0.03010767072,30.57441265,-0.01591371774
1,111,-2.673373637,4.101527799,4.56614724,-0.01047344303,4.291331134,-0.01520070374,-2.097821838,-0.3050947625,3.45358229,-0.02855815629,30.58261368,-0.01588880486
1,112,-2.408003468,4.26709213,4.558454178,-0.01091431173,4.285319478,-0.01517552194,-1.902349166,-0.1579425948,3.515901525,-0.02698252866,30.5901281,-0.01586349525
1,113,-2.140581108,4.417028892,4.551666124,-0.011361886,4.279905971,-0.01515054537,-1.705895119,-0.02492166577,3.572206466,-0.02538367097,30.59693275,-0.01583839079
1,114,-1.871303847,4.550809527,4.545665326,-0.01181602561,4.275096838,-0.01512637589,-1.508551841,0.09370235418,3.62240627,-0.0237644664,30.60300443,-0.01581409335
1,115,-1.600368977,4.667905472,4.540334029,-0.01227659034,4.270898303,-0.01510361535,-1.310411481,0.1976637948,3.666410094,-0.02212779809,30.60831997,-0.01579120479
1,116,-1.327973787,4.767788167,4.53555448,-0.01274343993,4.267316591,-0.01508286563,-1.111566182,0.2866969856,3.704127095,-0.02047654922,30.61285617,-0.01577032698
1,117,-1.054315569,4.849929051,4.531208925,-0.01321643415,4.264357927,-0.01506472858,-0.9121080927,0.3605362565,3.73546643,-0.01881360293,30.61658987,-0.0157520618
1,118,-0.779591613,4.913799563,4.527179611,-0.01369543278,4.262028535,-0.01504980606,-0.7121293574,0.418915937,3.760337256,-0.0171418424,30.61949788,-0.01573701112
1,119,-0.503999211,4.958871143,4.523348783,-0.01418029556,4.26033464,-0.01503869993,-0.5117221227,0.4615703569,3.778648731,-0.01546415077,30.62155701,-0.01572577679
1,120,-0.2277356532,4.984615228,4.519598689,-0.01467088227,4.259282467,-0.01503201206,-0.3109785346,0.4882338457,3.790310012,-0.01378341122,30.62274409,-0.0157189607
1,121,0.04900176942,4.990503259,4.515811575,-0.01516705266,4.258878239,-0.01503034429,-0.109990739,0.4986407332,3.795230256,-0.0121025069,30.62303593,-0.01571716472
1,122,0.3247893067,4.976291374,4.511928521,-0.0156662486,4.25912368,-0.01503406814,0.09025986774,0.4926742738,3.793370841,-0.01043156686,30.62242183,-0.0157207609
1,123,0.6006115431,4.94240529,4.508021739,-0.01616950529,4.260011921,-0.01504275986,0.2905452711,0.4705811187,3.784822183,-0.008765405262,30.62092061,-0.01572932498
1,124,0.8762290317,4.88937646,4.504220916,-0.01667548782,4.261537334,-0.01505581473,0.4907495414,0.4326117891,3.769666939,-0.007106106039,30.61855549,-0.01574225224
1,125,1.151402326,4.817736338,4.500655739,-0.0171828613,4.263694292,-0.01507262801,0.6907567487,0.3790168061,3.747987766,-0.005455753111,30.61534971,-0.01575893795
1,126,1.425891978,4.728016376,4.497455896,-0.0176902908,4.266477169,-0.01509259495,0.8904509634,0.3100466908,3.719867322,-0.003816430402,30.61132649,-0.01577877739
1,127,1.699458543,4.620748027,4.494751073,-0.01819644142,4.269880336,-0.01511511083,1.089716256,0.2259519644,3.685388264,-0.002190221834,30.60650907,-0.01580116585
1,128,1.971862572,4.496462744,4.492670958,-0.01869997826,4.273898166,-0.0151395709,1.288436696,0.1269831479,3.64463325,-0.0005792113315,30.60092068,-0.0158254986
1,129,2.24286462,4.355691981,4.491345238,-0.01919956641,4.278525031,-0.01516537043,1.486496354,0.01339076255,3.597684936,0.001014517183,30.59458454,-0.01585117093
1,130,2.512225239,4.198967191,4.4909036,-0.01969387095,4.283755305,-0.01519190468,1.6837793,-0.1145746706,3.54462598,0.002588879785,30.5875239,-0.01587757811
1,131,2.779704982,4.026819825,4.491475732,-0.02018155698,4.28958336,-0.01521856892,1.880169605,-0.2566626305,3.485539039,0.004141792552,30.57976198,-0.01590411542
1,132,3.045064404,3.839781339,4.493191319,-0.0206612896,4.296003567,-0.01524475841,2.075551339,-0.4126225959,3.420506771,0.005671171561,30.57132201,-0.01593017815
1,133,3.308064056,3.638383184,4.496180051,-0.02113173389,4.303010301,-0.01526986841,2.269808572,-0.5822040458,3.349611833,0.007174932887,30.56222722,-0.01595516157
1,134,3.568464492,3.423156813,4.500571613,-0.02159155494,4.310597933,-0.01529329419,2.462825373,-0.765156459,3.272936882,0.008650992608,30.55250085,-0.01597846096
1,135,3.826026266,3.19463368,4.506495693,-0.02203941786,4.318760836,-0.015314431,2.654485815,-0.9612293145,3.190564575,0.0100972668,30.54216612,-0.01599947161
1,136,4.08050993,2.953345237,4.514081978,-0.02247398772,4.327493383,-0.01533267412,2.844673966,-1.170172091,3.102577571,0.01151167154,30.53124626,-0.01601758879
1,137,4.331676038,2.699822938,4.523460155,-0.02289392963,4.336789946,-0.0153474188,3.033273897,-1.391734268,3.009058525,0.0128921229,30.51976452,-0.01603220778
1,138,4.579285143,2.434598236,4.534759912,-0.02329790867,4.346644898,-0.01535806031,3.220169678,-1.625665323,2.910090096,0.01423653697,30.50774411,-0.01604272386
1,139,4.823097797,2.158202583,4.548110935,-0.02368458993,4.357052611,-0.01536399391,3.40524538,-1.871714736,2.805754941,0.01554282981,30.49520826,-0.01604853232
1,140,5.062874555,1.871167433,4.563642913,-0.02405263852,4.368007458,-0.01536461487,3.588385072,-2.129631986,2.696135718,0.01680891751,30.48218022,-0.01604902842
1,141,5.29837597,1.574024239,4.58148553,-0.02440071951,4.379503811,-0.01535931844,3.769472825,-2.399166551,2.581315082,0.01803271614,30.46868321,-0.01604360746
1,142,5.529362594,1.267304453,4.601768476,-0.02472749801,4.391536044,-0.01534749989,3.94839271,-2.680067911,2.461375693,0.01921214177,30.45474046,-0.01603166472
1,143,5.755594981,0.951539529,4.624621438,-0.0250316391,4.404098528,-0.01532855449,4.125028795,-2.972085544,2.336400206,0.02034511049,30.4403752,-0.01601259546
1,144,5.976833684,0.6272609199,4.650174101,-0.02531180788,4.417185636,-0.0153018775,4.299265153,-3.274968929,2.20647128,0.02142953837,30.42561066,-0.01598579497
1,145,6.192839256,0.2950000785,4.678556154,-0.02556666943,4.430791742,-0.01526686418,4.470985852,-3.588467545,2.071671572,0.02246334148,30.41047008,-0.01595065854
1,146,6.40337225,-0.04471154198,4.709897284,-0.02579488886,4.444911216,-0.01522290979,4.640074963,-3.912330871,1.932083739,0.02344443591,30.39497668,-0.01590658143
1,147,6.60819322,-0.3913424887,4.744327178,-0.02599513125,4.459538433,-0.0151694096,4.806416556,-4.246308386,1.787790438,0.02437073774,30.3791537,-0.01585295894
1,148,6.807062719,-0.7443613085,4.781975523,-0.02616606169,4.474667764,-0.01510575887,4.969894702,-4.590149568,1.638874327,0.02524016302,30.36302436,-0.01578918633
1,149,6.9997413,-1.103236548,4.822972006,-0.02630634528,4.490293582,-0.01503135286,5.130393471,-4.943603898,1.485418064,0.02605062785,30.34661191,-0.0157146589
1,150,7.185989516,-1.467436755,4.867446314,-0.02641464711,4.50641026,-0.01494558684,5.287796933,-5.306420852,1.327504304,0.0268000483,30.32993956,-0.01562877192
1,151,7.36556792,-1.836430476,4.915528135,-0.02648963227,4.52301217,-0.01484785607,5.441989158,-5.678349911,1.165215706,0.02748634045,30.31303055,-0.01553092067
1,152,7.538237066,-2.209686259,4.967347156,-0.02652996585,4.540093685,-0.01473755581,5.592854217,-6.059140553,0.9986349272,0.02810742037,30.29590811,-0.01542050042
1,153,7.703757506,-2.586672649,5.023033063,-0.02653431294,4.557649177,-0.01461408133,5.740276179,-6.448542258,0.8278446247,0.02866120414,30.27859547,-0.01529690647
1,154,7.861889795,-2.966858194,5.082715544,-0.02650133864,4.575673019,-0.01447682789,5.884139116,-6.846304503,0.6529274558,0.02914560784,30.26111586,-0.01515953409
1,155,8.012394484,-3.349711441,5.146524287,-0.02642970804,4.594159584,-0.01432519076,6.024327096,-7.252176768,0.4739660778,0.02955854754,30.24349252,-0.01500777855
1,156,8.155032128,-3.734700937,5.214588978,-0.02631808623,4.613103244,-0.01415856519,6.160724191,-7.665908532,0.2910431482,0.02989793932,30.22574867,-0.01484103515
1,157,8.289563279,-4.121295229,5.287039304,-0.0261651383,4.632498371,-0.01397634645,6.293214471,-8.087249273,0.1042413241,0.03016169926,30.20790755,-0.01465869915
1,158,8.415748491,-4.508962863,5.364004954,-0.02596952935,4.652339339,-0.0137779298,6.421682005,-8.515948471,-0.08635673698,0.03034774343,30.18999238,-0.01446016584
1,159,8.533348317,-4.897172388,5.445615613,-0.02572992446,4.67262052,-0.01356271051,6.546010865,-8.951755605,-0.2806683778,0.03045398791,30.1720264,-0.0142448305
1,160,8.642123309,-5.285392349,5.532000969,-0.02544498874,4.693336286,-0.01333008383,6.66608512,-9.394420153,-0.4786109412,0.03047834877,30.15403284,-0.01401208841
1,161,8.741834022,-5.673091295,5.623290709,-0.02511338726,4.71448101,-0.01307944504,6.781788841,-9.843691594,-0.6801017696,0.0304187421,30.13603492,-0.01376133485
1,162,8.832241009,-6.059737771,5.71961452,-0.02473378512,4.736049064,-0.0128101894,6.893006098,-10.29931941,-0.8850582058,0.03027308397,30.11805589,-0.0134919651
1,163,8.913104822,-6.444800324,5.82110209,-0.02430484742,4.758034822,-0.01252171216,6.99962096,-10.76105307,-1.093397592,0.03003929045,30.10011896,-0.01320337443
1,164,8.984186014,-6.827747503,5.927883106,-0.02382523925,4.780432656,-0.0122134086,7.101517499,-11.22864206,-1.305037272,0.02971527763,30.08224738,-0.01289495813
1,165,9.04524514,-7.208047853,6.040087255,-0.02329362569,4.803236938,-0.01188467397,7.198579785,-11.70183587,-1.519894588,0.02929896157,30.06446437,-0.01256611148
1,166,9.096042752,-7.585169922,6.157844223,-0.02270867185,4.82644204,-0.01153490354,7.290691888,-12.18038396,-1.737886882,0.02878825836,30.04679317,-0.01221622975
1,167,9.136935875,-7.962304206,6.282425303,-0.02206337538,4.850269458,-0.01116011834,7.3787377,-12.66872928,-1.961067312,0.02817608286,30.02908271,-0.01184133282
1,168,9.168353664,-8.335150238,6.412202988,-0.02136699774,4.874428651,-0.01076534834,7.462426651,-13.16100645,-2.186733763,0.02747274959,30.01153612,-0.01144645142
1,169,9.191532876,-8.70320409,6.546577123,-0.02062423222,4.898848255,-0.01035268441,7.542569849,-13.65594095,-2.414258569,0.02668551152,29.99417953,-0.01103367597
1,170,9.20771027,-9.065961832,6.684947555,-0.01983977214,4.923456905,-0.009924217393,7.619978406,-14.15225825,-2.643014059,0.02582162161,29.97703907,-0.01060509688
1,171,9.218122602,-9.422919534,6.826714128,-0.01901831082,4.948183239,-0.009482038146,7.69546343,-14.64868381,-2.872372567,0.02488833281,29.96014086,-0.01016280458
1,172,9.22400663,-9.773573269,6.971276689,-0.01816454156,4.972955892,-0.009028237519,7.769836031,-15.14394312,-3.101706422,0.02389289808,29.94351102,-0.009708889473
1,173,9.226599113,-10.11741911,7.118035083,-0.01728315767,4.9977035,-0.008564906364,7.843907321,-15.63676163,-3.330387957,0.02284257038,29.92717567,-0.009245441976
1,174,9.227136807,-10.45395311,7.266389155,-0.01637885246,5.022354699,-0.008094135536,7.918488407,-16.12586483,-3.557789503,0.02174460266,29.91116096,-0.008774552506
1,175,9.226856471,-10.78267137,7.415738752,-0.01545631926,5.046838124,-0.007618015884,7.994390401,-16.60997818,-3.783283391,0.02060624789,29.89549298,-0.008298311478
1,176,9.226994862,-11.10306993,7.56548372,-0.01452025135,5.071082412,-0.007138638262,8.072424412,-17.08782716,-4.006241953,0.01943475901,29.88019788,-0.007818809306
1,177,9.228788738,-11.41464489,7.715023903,-0.01357534207,5.095016199,-0.006658093523,8.15340155,-17.55813723,-4.22603752,0.01823738899,29.86530178,-0.007338136407
1,178,9.233474856,-11.71689229,7.863759147,-0.01262628471,5.118568121,-0.006178472517,8.238132924,-18.01963387,-4.442042424,0.01702139079,29.8508308,-0.006858383196
1,179,9.242289975,-12.00930823,8.011089299,-0.01167777259,5.141666813,-0.005701866098,8.327429645,-18.47104255,-4.653628996,0.01579401736,29.83681107,-0.006381640088
1,180,9.256470851,-12.29138876,8.156414203,-0.01073449902,5.164240912,-0.005230365118,8.422102823,-18.91108874,-4.860169568,0.01456252165,29.82326871,-0.005909997498
1,181,9.277254243,-12.56262996,8.299133706,-0.009801157316,5.186219054,-0.004766060429,8.522963567,-19.33849791,-5.061036471,0.01333415664,29.81022985,-0.005445545841
1,182,9.305876909,-12.82252789,8.438647653,-0.00888244078,5.207529874,-0.004311042884,8.630822988,-19.75199554,-5.255602036,0.01211617526,29.79772061,-0.004990375534
1,183,9.343575605,-13.07057864,8.57435589,-0.007983042726,5.228102008,-0.003867403334,8.746492195,-20.15030709,-5.443238595,0.01091583049,29.78576711,-0.00454657699
1,184,9.39158709,-13.30627826,8.705658262,-0.007107656465,5.247864093,-0.003437232632,8.870782297,-20.53215804,-5.62331848,0.009740375275,29.77439548,-0.004116240626
1,185,9.451148121,-13.52912284,8.831954616,-0.006260975309,5.266744764,-0.003022621631,9.004504406,-20.89627386,-5.795214021,0.008597062576,29.76363186,-0.003701456857
1,186,9.523495456,-13.73860844,8.952644796,-0.005447692568,5.284672658,-0.002625661182,9.14846963,-21.24138001,-5.95829755,0.007493145349,29.75350235,-0.003304316097
1,187,9.609865853,-13.93423113,9.067128649,-0.004672501552,5.30157641,-0.002248442138,9.30348908,-21.56620198,-6.111941399,0.006435876553,29.74403309,-0.002926908763
1,188,9.711496069,-14.11548698,9.174806019,-0.003940095574,5.317384656,-0.00189305535,9.470373866,-21.86946523,-6.255517899,0.005432509144,29.73525019,-0.00257132527
1,189,9.829622862,-14.28187206,9.275076754,-0.003255167944,5.332026032,-0.001561591673,9.649935097,-22.14989523,-6.388399382,0.004490296079,29.7271798,-0.002239656032
1,190,9.96548299,-14.43288245,9.367340698,-0.002622411972,5.345429175,-0.001256141957,9.842983883,-22.40621746,-6.509958179,0.003616490317,29.71984802,-0.001933991466
1,191,10.12031321,-14.56801421,9.450997698,-0.00204652097,5.35752272,-0.0009787970545,10.05033133,-22.63715738,-6.619566621,0.002818344814,29.71328099,-0.001656421986
1,192,10.29535028,-14.68676342,9.525447598,-0.001532188248,5.368235302,-0.0007316478185,10.27278856,-22.84144048,-6.71659704,0.002103112527,29.70750483,-0.001409038008
1,193,10.49183096,-14.78862614,9.590090244,-0.001084107118,5.377495559,-0.0005167851011,10.51116667,-23.01779221,-6.800421767,0.001478046415,29.70254566,-0.001193929947
1,194,10.710992,-14.87309845,9.644325483,-0.0007069708899,5.385232126,-0.0003362997545,10.76627678,-23.16493805,-6.870413134,0.0009503994335,29.69842961,-0.001013188218
1,195,10.95407017,-14.93967642,9.68755316,-0.0004054728751,5.391373639,-0.0001922826309,11.03892999,-23.28160348,-6.925943472,0.0005274245409,29.69518281,-0.0008689032366
1,196,11.22230222,-14.98785611,9.71917312,-0.0001843063844,5.395848734,-8.682458267e-05,11.32993741,-23.36651396,-6.966385112,0.0002163746943,29.69283137,-0.0007631654184
1,197,11.5169249,-15.01713361,9.738585209,-4.816472864e-05,5.398586046,-2.201646206e-05,11.64011016,-23.41839496,-6.991110387,2.450285087e-05,29.69140143,-0.0006980651785
1,198,11.83917498,-15.02700497,9.745189273,-1.741218739e-06,5.399514213,5.087865181e-08,11.97025935,-23.43597196,-6.999491627,-4.093803196e-05,29.69091911,-0.000675692932
1,199,12.51677167,-15.02700562,9.745189273,-1.741218739e-06,5.399513821,5.087865181e-08,12.65577378,-23.43597227,-6.999491627,-4.055087843e-05,29.6909195,-0.0006750657438
1,200,13.18733344,-15.02700625,9.745189273,-1.741218739e-06,5.399513433,5.087865181e-08,13.3341711,-23.43597258,-6.999491627,-4.016774438e-05,29.69091989,-0.000674445067
1,201,13.8504583,-15.02700689,9.745189273,-1.741218739e-06,5.399513049,5.087865181e-08,14.0050446,-23.43597289,-6.999491627,-3.978885951e-05,29.69092027,-0.000673831274
1,202,14.50574425,-15.02700751,9.745189273,-1.741218739e-06,5.39951267,5.087865181e-08,14.66798759,-23.43597319,-6.999491627,-3.94144535e-05,29.69092065,-0.0006732247367
1,203,15.15278929,-15.02700813,9.745189273,-1.741218739e-06,5.399512296,5.087865181e-08,15.32259338,-23.43597349,-6.999491627,-3.904475604e-05,29.69092103,-0.0006726258272
1,204,15.79119143,-15.02700874,9.745189273,-1.741218739e-06,5.399511927,5.087865181e-08,15.96845528,-23.43597379,-6.999491627,-3.867999681e-05,29.69092139,-0.0006720349177
1,205,16.42054867,-15.02700934,9.745189273,-1.741218739e-06,5.399511562,5.087865181e-08,16.60516659,-23.43597408,-6.999491627,-3.83204055e-05,29.69092176,-0.0006714523802
1,206,17.04045903,-15.02700993,9.745189273,-1.741218739e-06,5.399511204,5.087865181e-08,17.23232063,-23.43597437,-6.999491627,-3.796621179e-05,29.69092212,-0.0006708785868
1,207,17.65052049,-15.02701051,9.745189273,-1.741218739e-06,5.399510851,5.087865181e-08,17.84951069,-23.43597465,-6.999491627,-3.761764536e-05,29.69092247,-0.0006703139096
1,208,18.25033108,-15.02701108,9.745189273,-1.741218739e-06,5.399510504,5.087865181e-08,18.45633009,-23.43597493,-6.999491627,-3.727493591e-05,29.69092282,-0.0006697587207
1,209,18.83948879,-15.02701164,9.745189273,-1.741218739e-06,5.399510163,5.087865181e-08,19.05237213,-23.4359752,-6.999491627,-3.693831312e-05,29.69092316,-0.0006692133922
1,210,19.41759163,-15.0270122,9.745189273,-1.741218739e-06,5.399509829,5.087865181e-08,19.63723013,-23.43597547,-6.999491627,-3.660800667e-05,29.69092349,-0.0006686782961
1,211,19.98423759,-15.02701274,9.745189273,-1.741218739e-06,5.399509501,5.087865181e-08,20.21049738,-23.43597573,-6.999491627,-3.628424625e-05,29.69092382,-0.0006681538046
1,212,20.5390247,-15.02701326,9.745189273,-1.741218739e-06,5.39950918,5.087865181e-08,20.7717672,-23.43597599,-6.999491627,-3.596726154e-05,29.69092414,-0.0006676402897
1,213,21.08155094,-15.02701378,9.745189273,-1.741218739e-06,5.399508866,5.087865181e-08,21.32063289,-23.43597624,-6.999491627,-3.565728223e-05,29.69092445,-0.0006671381236
1,214,21.61141434,-15.02701429,9.745189273,-1.741218739e-06,5.39950856,5.087865181e-08,21.85668776,-23.43597648,-6.999491627,-3.5354538e-05,29.69092476,-0.0006666476783
1,215,22.12821288,-15.02701478,9.745189273,-1.741218739e-06,5.399508261,5.087865181e-08,22.37952511,-23.43597672,-6.999491627,-3.505925854e-05,29.69092506,-0.0006661693259
1,216,22.63154458,-15.02701526,9.745189273,-1.741218739e-06,5.399507969,5.087865181e-08,22.88873827,-23.43597695,-6.999491627,-3.477167354e-05,29.69092535,-0.0006657034385
1,217,23.12100743,-15.02701573,9.745189273,-1.741218739e-06,5.399507686,5.087865181e-08,23.38392052,-23.43597718,-6.999491627,-3.449201267e-05,29.69092563,-0.0006652503883
1,218,23.59619946,-15.02701618,9.745189273,-1.741218739e-06,5.399507411,5.087865181e-08,23.86466518,-23.4359774,-6.999491627,-3.422050563e-05,29.69092591,-0.0006648105472
1,219,24.05671865,-15.02701662,9.745189273,-1.741218739e-06,5.399507145,5.087865181e-08,24.33056556,-23.43597761,-6.999491627,-3.39573821e-05,29.69092618,-0.0006643842874
1,220,24.50216301,-15.02701704,9.745189273,-1.741218739e-06,5.399506887,5.087865181e-08,24.78121496,-23.43597782,-6.999491627,-3.370287176e-05,29.69092643,-0.0006639719809
1,221,24.93213056,-15.02701745,9.745189273,-1.741218739e-06,5.399506638,5.087865181e-08,25.2162067,-23.43597802,-6.999491627,-3.345720431e-05,29.69092668,-0.0006635739999
1,222,25.34621928,-15.02701785,9.745189273,-1.741218739e-06,5.399506399,5.087865181e-08,25.63513407,-23.43597821,-6.999491627,-3.322060942e-05,29.69092692,-0.0006631907165
1,223,25.7440272,-15.02701823,9.745189273,-1.741218739e-06,5.399506169,5.087865181e-08,26.03759039,-23.43597839,-6.999491627,-3.299331678e-05,29.69092715,-0.0006628225027
1,224,26.1251523,-15.02701859,9.745189273,-1.741218739e-06,5.399505948,5.087865181e-08,26.42316896,-23.43597857,-6.999491627,-3.277555607e-05,29.69092737,-0.0006624697306
1,225,26.48919261,-15.02701894,9.745189273,-1.741218739e-06,5.399505738,5.087865181e-08,26.79146309,-23.43597874,-6.999491627,-3.256755699e-05,29.69092758,-0.0006621327723
1,226,26.83574611,-15.02701927,9.745189273,-1.741218739e-06,5.399505537,5.087865181e-08,27.14206609,-23.4359789,-6.999491627,-3.236954921e-05,29.69092778,-0.0006618119999
1,227,27.16441082,-15.02701958,9.745189273,-1.741218739e-06,5.399505347,5.087865181e-08,27.47457126,-23.43597905,-6.999491627,-3.218176242e-05,29.69092797,-0.0006615077855
1,228,27.47478475,-15.02701988,9.745189273,-1.741218739e-06,5.399505168,5.087865181e-08,27.78857192,-23.4359792,-6.999491627,-3.200442631e-05,29.69092815,-0.0006612205013
1,229,27.76646588,-15.02702016,9.745189273,-1.741218739e-06,5.399504999,5.087865181e-08,28.08366136,-23.43597933,-6.999491627,-3.183777056e-05,29.69092832,-0.0006609505191
1,230,28.03905224,-15.02702042,9.745189273,-1.741218739e-06,5.399504841,5.087865181e-08,28.3594329,-23.43597946,-6.999491627,-3.168202486e-05,29.69092848,-0.0006606982113
1,231,28.29214183,-15.02702066,9.745189273,-1.741218739e-06,5.399504695,5.087865181e-08,28.61547985,-23.43597957,-6.999491627,-3.153741889e-05,29.69092863,-0.0006604639498
1,232,28.52533264,-15.02702088,9.745189273,-1.741218739e-06,5.39950456,5.087865181e-08,28.85139551,-23.43597968,-6.999491627,-3.140418233e-05,29.69092876,-0.0006602481067
1,233,28.73822268,-15.02702108,9.745189273,-1.741218739e-06,5.399504437,5.087865181e-08,29.06677318,-23.43597978,-6.999491627,-3.128254488e-05,29.69092888,-0.0006600510542
1,234,28.93040997,-15.02702127,9.745189273,-1.741218739e-06,5.399504325,5.087865181e-08,29.26120618,-23.43597987,-6.999491627,-3.117273622e-05,29.690929,-0.0006598731643
1,235,29.1014925,-15.02702143,9.745189273,-1.741218739e-06,5.399504226,5.087865181e-08,29.43428782,-23.43597995,-6.999491627,-3.107498603e-05,29.69092909,-0.0006597148091
1,236,29.25106827,-15.02702157,9.745189273,-1.741218739e-06,5.39950414,5.087865181e-08,29.58561139,-23.43598002,-6.999491627,-3.098952399e-05,29.69092918,-0.0006595763607
1,237,29.3787353,-15.02702169,9.745189273,-1.741218739e-06,5.399504066,5.087865181e-08,29.71477022,-23.43598008,-6.999491627,-3.091657981e-05,29.69092925,-0.0006594581912
1,238,29.48409158,-15.02702179,9.745189273,-1.741218739e-06,5.399504005,5.087865181e-08,29.8213576,-23.43598013,-6.999491627,-3.085638314e-05,29.69092932,-0.0006593606727
1,239,29.56673513,-15.02702187,9.745189273,-1.741218739e-06,5.399503957,5.087865181e-08,29.90496684,-23.43598016,-6.999491627,-3.08091637e-05,29.69092936,-0.0006592841772
1,240,29.62626395,-15.02702193,9.745189273,-1.741218739e-06,5.399503923,5.087865181e-08,29.96519125,-23.43598019,-6.999491627,-3.077515115e-05,29.6909294,-0.0006592290769
1,241,29.66227603,-15.02702196,9.745189273,-1.741218739e-06,5.399503902,5.087865181e-08,30.00162414,-23.43598021,-6.999491627,-3.075457518e-05,29.69092942,-0.0006591957439
1,242,29.67436939,-15.02702198,9.745189273,-1.741218739e-06,5.399503895,5.087865181e-08,30.01385881,-23.43598021,-6.999491627,-3.074766548e-05,29.69092943,-0.0006591845502
2,0,-29.67224,-15.02696539,9.745189273,-1.741218739e-06,5.399538227,5.087865181e-08,-30.0262184,-23.43595275,-6.999491627,-6.465610994e-05,29.69089509,-0.0007141161908
2,1,-29.66014664,-15.0269654,9.745189273,-1.741218739e-06,5.39953822,5.087865181e-08,-30.01398373,-23.43595275,-6.999491627,-6.464920025e-05,29.6908951,-0.0007141049971
2,2,-29.62413455,-15.02696543,9.745189273,-1.741218739e-06,5.399538199,5.087865181e-08,-29.97755084,-23.43595277,-6.999491627,-6.462862428e-05,29.69089512,-0.0007140716641
2,3,-29.56460574,-15.02696549,9.745189273,-1.741218739e-06,5.399538165,5.087865181e-08,-29.91732643,-23.4359528,-6.999491627,-6.459461173e-05,29.69089516,-0.0007140165638
2,4,-29.48196219,-15.02696557,9.745189273,-1.741218739e-06,5.399538117,5.087865181e-08,-29.83371719,-23.43595284,-6.999491627,-6.454739228e-05,29.6908952,-0.0007139400683
2,5,-29.37660591,-15.02696567,9.745189273,-1.741218739e-06,5.399538056,5.087865181e-08,-29.72712981,-23.43595288,-6.999491627,-6.448719562e-05,29.69089526,-0.0007138425498
2,6,-29.24893888,-15.02696579,9.745189273,-1.741218739e-06,5.399537982,5.087865181e-08,-29.59797099,-23.43595294,-6.999491627,-6.441425143e-05,29.69089534,-0.0007137243803
2,7,-29.0993631,-15.02696593,9.745189273,-1.741218739e-06,5.399537896,5.087865181e-08,-29.44664741,-23.43595301,-6.999491627,-6.43287894e-05,29.69089542,-0.0007135859319
2,8,-28.92828057,-15.0269661,9.745189273,-1.741218739e-06,5.399537797,5.087865181e-08,-29.27356578,-23.43595309,-6.999491627,-6.423103921e-05,29.69089552,-0.0007134275767
2,9,-28.73609329,-15.02696628,9.745189273,-1.741218739e-06,5.399537686,5.087865181e-08,-29.07913278,-23.43595318,-6.999491627,-6.412123054e-05,29.69089564,-0.0007132496868
2,10,-28.52320324,-15.02696648,9.745189273,-1.741218739e-06,5.399537563,5.087865181e-08,-28.8637551,-23.43595328,-6.999491627,-6.399959309e-05,29.69089576,-0.0007130526343
2,11,-28.29001243,-15.02696671,9.745189273,-1.741218739e-06,5.399537428,5.087865181e-08,-28.62783944,-23.43595339,-6.999491627,-6.386635654e-05,29.69089589,-0.0007128367912
2,12,-28.03692285,-15.02696695,9.745189273,-1.741218739e-06,5.399537281,5.087865181e-08,-28.3717925,-23.4359535,-6.999491627,-6.372175057e-05,29.69089604,-0.0007126025297
2,13,-27.76433649,-15.02696721,9.745189273,-1.741218739e-06,5.399537124,5.087865181e-08,-28.09602096,-23.43595363,-6.999491627,-6.356600487e-05,29.6908962,-0.0007123502219
2,14,-27.47265535,-15.02696748,9.745189273,-1.741218739e-06,5.399536955,5.087865181e-08,-27.80093151,-23.43595377,-6.999491627,-6.339934912e-05,29.69089637,-0.0007120802397
2,15,-27.16228143,-15.02696778,9.745189273,-1.741218739e-06,5.399536775,5.087865181e-08,-27.48693086,-23.43595391,-6.999491627,-6.322201301e-05,29.69089655,-0.0007117929554
2,16,-26.83361672,-15.02696809,9.745189273,-1.741218739e-06,5.399536585,5.087865181e-08,-27.15442568,-23.43595406,-6.999491627,-6.303422622e-05,29.69089674,-0.0007114887411
2,17,-26.48706322,-15.02696842,9.745189273,-1.741218739e-06,5.399536385,5.087865181e-08,-26.80382268,-23.43595422,-6.999491627,-6.283621844e-05,29.69089694,-0.0007111679687
2,18,-26.12302291,-15.02696877,9.745189273,-1.741218739e-06,5.399536174,5.087865181e-08,-26.43552855,-23.43595439,-6.999491627,-6.262821936e-05,29.69089715,-0.0007108310104
2,19,-25.74189781,-15.02696914,9.745189273,-1.741218739e-06,5.399535954,5.087865181e-08,-26.04994998,-23.43595457,-6.999491627,-6.241045865e-05,29.69089737,-0.0007104782383
2,20,-25.34408989,-15.02696951,9.745189273,-1.741218739e-06,5.399535723,5.087865181e-08,-25.64749366,-23.43595475,-6.999491627,-6.218316601e-05,29.6908976,-0.0007101100245
2,21,-24.93000116,-15.02696991,9.745189273,-1.741218739e-06,5.399535484,5.087865181e-08,-25.22856629,-23.43595494,-6.999491627,-6.194657112e-05,29.69089784,-0.0007097267411
2,22,-24.50003362,-15.02697032,9.745189273,-1.741218739e-06,5.399535235,5.087865181e-08,-24.79357456,-23.43595514,-6.999491627,-6.170090366e-05,29.69089809,-0.0007093287601
2,23,-24.05458926,-15.02697074,9.745189273,-1.741218739e-06,5.399534977,5.087865181e-08,-24.34292516,-23.43595535,-6.999491627,-6.144639333e-05,29.69089834,-0.0007089164536
2,24,-23.59407006,-15.02697118,9.745189273,-1.741218739e-06,5.399534711,5.087865181e-08,-23.87702478,-23.43595556,-6.999491627,-6.11832698e-05,29.69089861,-0.0007084901938
2,25,-23.11887804,-15.02697164,9.745189273,-1.741218739e-06,5.399534436,5.087865181e-08,-23.39628011,-23.43595578,-6.999491627,-6.091176275e-05,29.69089888,-0.0007080503527
2,26,-22.62941518,-15.0269721,9.745189273,-1.741218739e-06,5.399534153,5.087865181e-08,-22.90109786,-23.43595601,-6.999491627,-6.063210189e-05,29.69089917,-0.0007075973024
2,27,-22.12608349,-15.02697258,9.745189273,-1.741218739e-06,5.399533862,5.087865181e-08,-22.39188471,-23.43595624,-6.999491627,-6.034451688e-05,29.69089946,-0.0007071314151
2,28,-21.60928494,-15.02697308,9.745189273,-1.741218739e-06,5.399533563,5.087865181e-08,-21.86904735,-23.43595648,-6.999491627,-6.004923743e-05,29.69089976,-0.0007066530627
2,29,-21.07942155,-15.02697358,9.745189273,-1.741218739e-06,5.399533256,5.087865181e-08,-21.33299248,-23.43595672,-6.999491627,-5.97464932e-05,29.69090006,-0.0007061626174
2,30,-20.53689531,-15.0269741,9.745189273,-1.741218739e-06,5.399532942,5.087865181e-08,-20.78412679,-23.43595698,-6.999491627,-5.943651389e-05,29.69090038,-0.0007056604513
2,31,-19.9821082,-15.02697463,9.745189273,-1.741218739e-06,5.399532622,5.087865181e-08,-20.22285697,-23.43595723,-6.999491627,-5.911952918e-05,29.6909007,-0.0007051469364
2,32,-19.41546223,-15.02697517,9.745189273,-1.741218739e-06,5.399532294,5.087865181e-08,-19.64958972,-23.43595749,-6.999491627,-5.879576876e-05,29.69090103,-0.0007046224449
2,33,-18.8373594,-15.02697572,9.745189273,-1.741218739e-06,5.399531959,5.087865181e-08,-19.06473173,-23.43595776,-6.999491627,-5.846546231e-05,29.69090136,-0.0007040873488
2,34,-18.24820169,-15.02697628,9.745189273,-1.741218739e-06,5.399531618,5.087865181e-08,-18.46868969,-23.43595803,-6.999491627,-5.812883951e-05,29.6909017,-0.0007035420203
2,35,-17.6483911,-15.02697685,9.745189273,-1.741218739e-06,5.399531271,5.087865181e-08,-17.86187029,-23.43595831,-6.999491627,-5.778613006e-05,29.69090205,-0.0007029868314
2,36,-17.03832963,-15.02697743,9.745189273,-1.741218739e-06,5.399530919,5.087865181e-08,-17.24468022,-23.43595859,-6.999491627,-5.743756364e-05,29.6909024,-0.0007024221542
2,37,-16.41841928,-15.02697803,9.745189273,-1.741218739e-06,5.39953056,5.087865181e-08,-16.61752619,-23.43595888,-6.999491627,-5.708336993e-05,29.69090276,-0.0007018483608
2,38,-15.78906204,-15.02697863,9.745189273,-1.741218739e-06,5.399530196,5.087865181e-08,-15.98081487,-23.43595917,-6.999491627,-5.672377861e-05,29.69090313,-0.0007012658233
2,39,-15.15065989,-15.02697923,9.745189273,-1.741218739e-06,5.399529827,5.087865181e-08,-15.33495298,-23.43595947,-6.999491627,-5.635901938e-05,29.69090349,-0.0007006749137
2,40,-14.50361485,-15.02697985,9.745189273,-1.741218739e-06,5.399529452,5.087865181e-08,-14.68034718,-23.43595977,-6.999491627,-5.598932192e-05,29.69090387,-0.0007000760043
2,41,-13.84832891,-15.02698048,9.745189273,-1.741218739e-06,5.399529073,5.087865181e-08,-14.01740419,-23.43596007,-6.999491627,-5.561491591e-05,29.69090425,-0.000699469467
2,42,-13.18520405,-15.02698111,9.745189273,-1.741218739e-06,5.399528689,5.087865181e-08,-13.34653069,-23.43596038,-6.999491627,-5.523603104e-05,29.69090463,-0.0006988556739
2,43,-12.51464228,-15.02698175,9.745189273,-1.741218739e-06,5.399528302,5.087865181e-08,-12.66813338,-23.43596069,-6.999491627,-5.4852897e-05,29.69090502,-0.0006982349972
2,44,-12.20049021,-15.01742675,9.73930822,5.423553399e-07,5.398663758,-2.073149799e-05,-12.34689947,-23.41969298,-6.991770555,-0.0001481473704,29.69136895,-0.0007187210035
2,45,-11.91012623,-14.98908373,9.722007095,7.066830934e-06,5.396113201,-8.18048614e-05,-12.04314733,-23.37164409,-6.968976888,-0.0004220698051,29.69274389,-0.0007795092252
2,46,-11.64252902,-14.94243656,9.693798944,1.734283808e-05,5.391940675,-0.0001812585618,-11.75620014,-23.29294583,-6.931664948,-0.000867119267,29.69500518,-0.0008786886492
2,47,-11.39667728,-14.87796914,9.655196816,3.088100681e-05,5.386210223,-0.0003171819496,-11.48538109,-23.18473002,-6.880389056,-0.001473794822,29.69812812,-0.001014348263
2,48,-11.17154972,-14.79616536,9.606713759,4.719196717e-05,5.37898589,-0.0004876643748,-11.23001337,-23.04812847,-6.815703535,-0.002232595538,29.70208804,-0.001184577053
2,49,-10.96612502,-14.69750909,9.548862821,6.578634919e-05,5.37033172,-0.0006907951879,-10.98942019,-22.884273,-6.738162707,-0.003134020478,29.70686025,-0.001387464006
2,50,-10.77938189,-14.58248423,9.48215705,8.61747829e-05,5.360311757,-0.000924663739,-10.76292473,-22.69429542,-6.648320894,-0.004168568711,29.71242008,-0.00162109811
2,51,-10.61029901,-14.45157466,9.407109494,0.0001078678983,5.348990045,-0.001187359378,-10.54985019,-22.47932755,-6.546732418,-0.005326739302,29.71874284,-0.001883568351
2,52,-10.4578551,-14.30526426,9.324233201,0.0001303763256,5.336430628,-0.001476971456,-10.34951975,-22.24050119,-6.433951601,-0.006599031317,29.72580386,-0.002172963717
2,53,-10.32102883,-14.14403694,9.234041218,0.0001532106946,5.32269755,-0.001791589323,-10.16125662,-21.97894818,-6.310532766,-0.007975943823,29.73357844,-0.002487373195
2,54,-10.19879892,-13.96837656,9.137046595,0.0001758816354,5.307854855,-0.002129302329,-9.984383983,-21.69580031,-6.177030234,-0.009447975884,29.74204191,-0.002824885771
2,55,-10.09014405,-13.77876702,9.033762378,0.0001978997782,5.291966588,-0.002488199824,-9.818225036,-21.39218941,-6.033998327,-0.01100562657,29.75116959,-0.003183590433
2,56,-9.994042919,-13.5756922,8.924701617,0.0002187757528,5.275096791,-0.002866371158,-9.66210297,-21.06924728,-5.881991368,-0.01263939494,29.76093679,-0.003561576168
2,57,-9.909474231,-13.359636,8.810377358,0.0002380201894,5.257309511,-0.003261905683,-9.515340978,-20.72810575,-5.721563678,-0.01433978007,29.77131885,-0.003956931962
2,58,-9.835416679,-13.13108229,8.69130265,0.000255143718,5.23866879,-0.003672892747,-9.377262255,-20.36989662,-5.55326958,-0.01609728102,29.78229106,-0.004367746803
2,59,-9.770848958,-12.89051496,8.567990542,0.0002696569686,5.219238672,-0.004097421702,-9.247189993,-19.99575172,-5.377663396,-0.01790239686,29.79382876,-0.004792109678
2,60,-9.714749766,-12.63841791,8.44095408,0.0002810705712,5.199083202,-0.004533581897,-9.124447385,-19.60680286,-5.195299447,-0.01974562665,29.80590725,-0.005228109574
2,61,-9.666097798,-12.375275,8.310706313,0.0002888951559,5.178266423,-0.004979462683,-9.008357623,-19.20418184,-5.006732056,-0.02161746946,29.81850187,-0.005673835478
2,62,-9.623871752,-12.10157014,8.177760289,0.0002926413528,5.156852381,-0.005433153411,-8.898243903,-18.78902049,-4.812515546,-0.02350842435,29.83158793,-0.006127376377
2,63,-9.587050324,-11.81778721,8.042629056,0.0002918197919,5.134905118,-0.005892743429,-8.793429415,-18.36245062,-4.613204237,-0.0254089904,29.84514074,-0.006586821257
2,64,-9.554612211,-11.5244101,7.905825662,0.0002859411031,5.112488679,-0.006356322089,-8.693237354,-17.92560405,-4.409352453,-0.02730966666,29.85913563,-0.007050259107
2,65,-9.525536108,-11.22192268,7.767863155,0.0002745159166,5.089667108,-0.006821978741,-8.596990912,-17.47961258,-4.201514514,-0.02920095221,29.87354792,-0.007515778912
2,66,-9.500644089,-11.09160035,7.681402127,0.000180389254,5.078418053,-0.007133230649,-8.534153464,-17.25343554,-4.093670854,-0.03025689484,29.87973375,-0.007826947945
2,67,-9.454685466,-10.99059032,7.557521111,-7.759041448e-05,5.066722332,-0.007605071377,-8.439968916,-17.00679203,-3.971721569,-0.031574803,29.8844671,-0.008298673845
2,68,-9.388667709,-10.9161749,7.399862523,-0.0004793531111,5.054637781,-0.008218362542,-8.316675053,-16.74223186,-3.837329427,-0.0331161986,29.88786412,-0.008911820927
2,69,-9.303598288,-10.86563641,7.212068776,-0.001004828858,5.042222235,-0.008953965762,-8.166509659,-16.46230485,-3.692157195,-0.03484260357,29.89004097,-0.009647253507
2,70,-9.200484672,-10.83625716,6.997782286,-0.001633947678,5.029533529,-0.009792742651,-7.991710518,-16.16956085,-3.537867639,-0.03671553983,29.89111381,-0.0104858359
2,71,-9.080334332,-10.82531947,6.760645465,-0.002346639593,5.016629499,-0.01071555483,-7.794515415,-15.86654965,-3.376123528,-0.03869652932,29.8911988,-0.01140843242
2,72,-8.944154736,-10.83010565,6.504300729,-0.003122834626,5.003567981,-0.01170326391,-7.577162132,-15.5558211,-3.208587628,-0.04074709396,29.89041208,-0.01239590738
2,73,-8.792953355,-10.84789802,6.232390492,-0.003942462798,4.99040681,-0.01273673151,-7.341888455,-15.23992501,-3.036922707,-0.04282875566,29.88886982,-0.0134291251
2,74,-8.627737658,-10.87597889,5.948557167,-0.004785454132,4.977203821,-0.01379681924,-7.090932166,-14.9214112,-2.862791531,-0.04490303637,29.88668816,-0.01448894989
2,75,-8.449515115,-10.91163057,5.656443169,-0.005631738651,4.964016851,-0.01486438873,-6.826531052,-14.6028295,-2.687856868,-0.046931458,29.88398328,-0.01555624608
2,76,-8.259293196,-10.95213539,5.359690913,-0.006461246376,4.950903735,-0.01592030159,-6.550922895,-14.28672973,-2.513781485,-0.04887554247,29.88087133,-0.01661187796
2,77,-8.05807937,-10.99477565,5.061942813,-0.007253907331,4.937922308,-0.01694541943,-6.266345479,-13.97566171,-2.34222815,-0.05069681172,29.87746845,-0.01763670986
2,78,-7.846881107,-11.03683367,4.766841282,-0.007989651536,4.925130406,-0.01792060387,-5.97503659,-13.67217527,-2.174859628,-0.05235678767,29.87389081,-0.0186116061
2,79,-7.626705877,-11.07559177,4.478028735,-0.008648409015,4.912585864,-0.01882671654,-5.67923401,-13.37882022,-2.013338689,-0.05381699224,29.87025457,-0.01951743098
2,80,-7.398561149,-11.10833226,4.199147587,-0.00921010979,4.900346518,-0.01964461903,-5.381175524,-13.0981464,-1.859328098,-0.05503894736,29.86667588,-0.02033504882
2,81,-7.161006732,-11.13314864,3.93079214,-0.009663531595,4.888356772,-0.0203657715,-5.079899868,-12.82982474,-1.712858302,-0.05600076198,29.86321962,-0.02105591935
2,82,-6.916257708,-11.1500728,3.676354165,-0.01000850357,4.876779686,-0.0209844784,-4.778620834,-12.57698191,-1.575593696,-0.05669545124,29.85993865,-0.02167434997
2,83,-6.664214087,-11.16011416,3.435918813,-0.01025593319,4.865657974,-0.0215076871,-4.477353512,-12.33957561,-1.447391657,-0.05713788747,29.85683125,-0.02219728777
2,84,-6.404775878,-11.16428213,3.209571237,-0.01041672794,4.85503435,-0.021942345,-4.176112991,-12.11756356,-1.328109559,-0.05734294299,29.85389568,-0.02263167988
2,85,-6.137843091,-11.16358615,2.997396588,-0.01050179529,4.844951528,-0.02229539946,-3.87491436,-11.91090347,-1.21760478,-0.05732549012,29.85113022,-0.02298447338
2,86,-5.863315736,-11.15903564,2.799480018,-0.01052204271,4.835452223,-0.02257379787,-3.57377271,-11.71955306,-1.115734695,-0.05710040117,29.84853314,-0.02326261539
2,87,-5.581093823,-11.15164003,2.615906679,-0.01048837768,4.826579148,-0.02278448762,-3.272703129,-11.54347003,-1.022356681,-0.05668254848,29.84610272,-0.02347305299
2,88,-5.291077361,-11.14240873,2.446761724,-0.01041170768,4.818375019,-0.02293441607,-2.971720707,-11.3826121,-0.9373281137,-0.05608680435,29.84383722,-0.02362273331
2,89,-4.993166359,-11.13235119,2.292130303,-0.01030294019,4.810882549,-0.02303053061,-2.670840534,-11.23693698,-0.8605063697,-0.05532804111,29.84173493,-0.02371860343
2,90,-4.687260827,-11.12247681,2.152097571,-0.01017298267,4.804144453,-0.02307977862,-2.370077698,-11.10640238,-0.7917488251,-0.05442113107,29.83979411,-0.02376761047
2,91,-4.373260776,-11.11379503,2.026748677,-0.01003274261,4.798203445,-0.02308910748,-2.069447289,-10.99096602,-0.7309128559,-0.05338094656,29.83801305,-0.02377670153
2,92,-4.051066214,-11.10731528,1.916168774,-0.009893127473,4.793102239,-0.02306546457,-1.768964397,-10.8905856,-0.6778558383,-0.05222235989,29.83639,-0.0237528237
2,93,-3.720577152,-11.10404697,1.820443015,-0.009765044747,4.78888355,-0.02301579727,-1.468644111,-10.80521884,-0.6324351487,-0.05096024339,29.83492326,-0.0237029241
2,94,-3.381693598,-11.10499953,1.73965655,-0.009659401904,4.785590092,-0.02294705296,-1.168501521,-10.73482345,-0.5945081631,-0.04960946938,29.83361108,-0.02363394982
2,95,-3.034315563,-11.11118239,1.673894533,-0.00958710642,4.783264579,-0.02286617902,-0.8685517153,-10.67935714,-0.5639322577,-0.04818491017,29.83245174,-0.02355284797
2,96,-2.680991482,-11.12329747,1.623470685,-0.009556651881,4.781944433,-0.02277940338,-0.5709086546,-10.63901568,-0.5407312656,-0.04671033143,29.83144713,-0.0234658478
2,97,-2.320156057,-11.14136317,1.587630052,-0.009565946884,4.781598343,-0.02268645186,-0.2737472675,-10.613378,-0.5246829081,-0.04518351968,29.83057308,-0.02337267352
2,98,-1.952774923,-11.16517573,1.566052818,-0.009611091153,4.782203521,-0.02258625995,0.02265580482,-10.60246459,-0.5158299116,-0.04361034939,29.82981112,-0.02327226068
2,99,-1.579813712,-11.19453134,1.558419166,-0.009688184413,4.78373718,-0.02247776318,0.3180239213,-10.60629596,-0.5142150029,-0.04199669501,29.82914276,-0.02316354483
2,100,-1.202238056,-11.22922623,1.564409279,-0.009793326388,4.786176532,-0.02235989706,0.6120804407,-10.62489261,-0.5198809083,-0.04034843101,29.82854952,-0.02304546149
2,101,-0.8210135885,-11.26905661,1.58370334,-0.009922616803,4.789498791,-0.0222315971,0.904548722,-10.65827504,-0.5328703544,-0.03867143183,29.82801291,-0.02291694622
2,102,-0.4371059414,-11.3138187,1.615981531,-0.01007215538,4.79368117,-0.02209179881,1.195152124,-10.70646375,-0.5532260678,-0.03697157194,29.82751446,-0.02277693456
2,103,-0.05148074745,-11.3633087,1.660924037,-0.01023804185,4.79870088,-0.0219394377,1.483614006,-10.76947925,-0.5809907749,-0.03525472581,29.82703568,-0.02262436204
2,104,0.3348963607,-11.41732283,1.71821104,-0.01041637593,4.804535136,-0.0217734493,1.769657726,-10.84734203,-0.6162072023,-0.03352676788,29.82655808,-0.02245816422
2,105,0.7210597506,-11.47565732,1.787522723,-0.01060325735,4.81116115,-0.0215927691,2.053006643,-10.9400726,-0.6589180765,-0.03179357262,29.82606319,-0.02227727663
2,106,1.106043789,-11.53810836,1.868539269,-0.01079478584,4.818556134,-0.02139633262,2.333384117,-11.04769145,-0.709166124,-0.03006101448,29.82553252,-0.02208063481
2,107,1.488882845,-11.60447218,1.960940862,-0.01098706111,4.826697301,-0.02118307538,2.610513505,-11.17021909,-0.7669940714,-0.02833496793,29.82494759,-0.02186717431
2,108,1.868611284,-11.67454499,2.064407684,-0.01117618289,4.835561865,-0.02095193289,2.884118168,-11.30767603,-0.8324446452,-0.02662130743,29.82428991,-0.02163583067
2,109,2.244263475,-11.74812301,2.178619918,-0.01135825091,4.845127038,-0.02070184065,3.153921463,-11.46008275,-0.9055605718,-0.02492590743,29.823541,-0.02138553943
2,110,2.614873784,-11.82500245,2.303257749,-0.01152936489,4.855370033,-0.02043173419,3.41964675,-11.62745977,-0.9863845779,-0.0232546424,29.82268239,-0.02111523613
2,111,2.97947658,-11.90497952,2.438001357,-0.01168562455,4.866268062,-0.02014054901,3.681017388,-11.80982758,-1.07495939,-0.02161338679,29.82169558,-0.02082385632
2,112,3.337106229,-11.98785044,2.582530928,-0.01182312962,4.877798339,-0.01982722063,3.937756734,-12.00720669,-1.171327734,-0.02000801506,29.8205621,-0.02051033553
2,113,3.686797099,-12.07341142,2.736526644,-0.01193797983,4.889938076,-0.01949068456,4.18958815,-12.2196176,-1.275532338,-0.01844440167,29.81926345,-0.02017360932
2,114,4.027583557,-12.16145867,2.899668687,-0.0120262749,4.902664487,-0.01912987631,4.436234992,-12.4470808,-1.387615927,-0.01692842108,29.81778117,-0.01981261321
2,115,4.358499971,-12.25178842,3.071637242,-0.01208411455,4.915954783,-0.0187437314,4.67742062,-12.6896168,-1.507621228,-0.01546594776,29.81609676,-0.01942628276
2,116,4.678580709,-12.34419688,3.25211249,-0.01210759851,4.929786178,-0.01833118533,4.912868393,-12.94724611,-1.635590968,-0.01406285615,29.81419174,-0.01901355351
2,117,4.986860137,-12.43848025,3.440774616,-0.01209282651,4.944135885,-0.01789117362,5.14230167,-13.21998921,-1.771567873,-0.01272502072,29.81204763,-0.01857336099
2,118,5.282372623,-12.53443476,3.637303802,-0.01203589826,4.958981116,-0.01742263178,5.36544381,-13.50786662,-1.915594669,-0.01145831593,29.80964594,-0.01810464075
2,119,5.564152534,-12.63185662,3.841380231,-0.01193291349,4.974299085,-0.01692449533,5.582018171,-13.81089884,-2.067714084,-0.01026861623,29.8069682,-0.01760632833
2,120,5.832342344,-12.73083223,4.053247553,-0.01178063467,4.99010963,-0.01639470817,5.792520396,-14.12983451,-2.228325951,-0.009157116755,29.80399348,-0.01707636709
2,121,6.086732894,-12.83082131,4.271562547,-0.0115813782,5.006316765,-0.01583689183,5.996765733,-14.46253959,-2.396338513,-0.008126060093,29.80074559,-0.01651837877
2,122,6.328311788,-12.93156612,4.495501868,-0.01133842453,5.02286442,-0.01525386116,6.195382998,-14.80751661,-2.570968049,-0.00717250959,29.79724771,-0.01593517784
2,123,6.558066628,-13.03280894,4.724242166,-0.01105505415,5.03969652,-0.01464843102,6.389001007,-15.16326816,-2.751430837,-0.00629352859,29.79352298,-0.01532957877
2,124,6.776985019,-13.13429203,4.956960095,-0.01073454752,5.056756992,-0.01402341626,6.578248576,-15.52829677,-2.936943158,-0.005486180439,29.78959456,-0.01470439604
2,125,6.986054564,-13.23575769,5.192832307,-0.0103801851,5.073989765,-0.01338163173,6.763754519,-15.90110501,-3.12672129,-0.004747528483,29.78548561,-0.01406244411
2,126,7.186262866,-13.33694817,5.431035455,-0.00999524736,5.091338764,-0.01272589228,6.946147654,-16.28019544,-3.319981512,-0.004074636066,29.78121928,-0.01340653746
2,127,7.378597529,-13.43760576,5.670746191,-0.009583014773,5.108747918,-0.01205901277,7.126056795,-16.66407061,-3.515940104,-0.003464566534,29.77681874,-0.01273949056
2,128,7.564046157,-13.53747272,5.911141168,-0.009146767803,5.126161153,-0.01138380805,7.304110759,-17.05123308,-3.713813345,-0.002914383232,29.77230715,-0.01206411789
2,129,7.743596352,-13.63629133,6.151397038,-0.008689786919,5.143522396,-0.01070309297,7.480938362,-17.44018541,-3.912817513,-0.002421149506,29.76770765,-0.0113832339
2,130,7.91823572,-13.73380387,6.390690453,-0.008215352587,5.160775575,-0.01001968239,7.657168419,-17.82943015,-4.112168889,-0.001981928701,29.7630434,-0.01069965308
2,131,8.088951862,-13.82975261,6.628198067,-0.007726745275,5.177864618,-0.009336391161,7.833429746,-18.21746987,-4.311083751,-0.001593784162,29.75833757,-0.0100161899
2,132,8.256732382,-13.92387982,6.863096531,-0.00722724545,5.19473345,-0.00865603413,8.010351159,-18.60280712,-4.508778379,-0.001253779235,29.7536133,-0.009335658819
2,133,8.422564885,-14.01592778,7.094562498,-0.006720133581,5.211325999,-0.007981426153,8.188561473,-18.98394446,-4.704469051,-0.0009589772641,29.74889376,-0.008660874319
2,134,8.587436973,-14.10563877,7.321772621,-0.006208690133,5.227586192,-0.007315382083,8.368689505,-19.35938444,-4.897372047,-0.0007064415956,29.74420211,-0.007994650869
2,135,8.75233625,-14.19275504,7.543903552,-0.005696195576,5.243457957,-0.006660716772,8.55136407,-19.72762963,-5.086703647,-0.0004932355746,29.73956149,-0.00733980294
2,136,8.918250319,-14.27701889,7.760131943,-0.005185930375,5.258885221,-0.006020245074,8.737213985,-20.08718258,-5.271680128,-0.0003164225463,29.73499508,-0.006699145004
2,137,9.086166785,-14.35817258,7.969634447,-0.004681175,5.27381191,-0.005396781842,8.926868064,-20.43654585,-5.451517771,-0.000173065856,29.73052602,-0.006075491532
2,138,9.25707325,-14.43595839,8.171587717,-0.004185209917,5.288181953,-0.004793141928,9.120955124,-20.774222,-5.625432855,-6.022884913e-05,29.72617747,-0.005471656996
2,139,9.431957318,-14.5101186,8.365168405,-0.003701315593,5.301939275,-0.004212140185,9.32010398,-21.09871357,-5.792641658,2.50251291e-05,29.72197259,-0.004890455867
2,140,9.611806593,-14.58039546,8.549553164,-0.003232772497,5.315027805,-0.003656591466,9.524943449,-21.40852315,-5.95236046,8.563273334e-05,29.71793453,-0.004334702616
2,141,9.797608677,-14.64653127,8.723918645,-0.002782861095,5.32739147,-0.003129310623,9.736102345,-21.70215326,-6.103805541,0.0001245306183,29.71408646,-0.003807211715
2,142,9.990351175,-14.7082683,8.887441502,-0.002354861855,5.338974196,-0.00263311251,9.954209486,-21.97810649,-6.246193178,0.0001446554387,29.71045153,-0.003310797636
2,143,10.19102169,-14.76534881,9.039298387,-0.001952055245,5.34971991,-0.002170811979,10.17989369,-22.23488538,-6.378739652,0.0001489438491,29.70705289,-0.00284827485
2,144,10.40060783,-14.81751508,9.178665953,-0.001577721732,5.359572541,-0.001745223884,10.41378376,-22.47099249,-6.500661242,0.0001403325044,29.70391372,-0.002422457828
2,145,10.62009719,-14.86450939,9.304720851,-0.001235141784,5.368476015,-0.001359163076,10.65650853,-22.68493038,-6.611174227,0.0001217580591,29.70105715,-0.002036161042
2,146,10.85047737,-14.90607401,9.416639735,-0.0009275958672,5.376374259,-0.001015444409,10.9086968,-22.87520161,-6.709494886,9.615716799e-05,29.69850635,-0.001692198963
2,147,11.09273599,-14.94195122,9.513599257,-0.0006583644502,5.383211201,-0.0007168827356,11.1709774,-23.04030873,-6.794839498,6.646648574e-05,29.69628448,-0.001393386063
2,148,11.34786065,-14.97188329,9.59477607,-0.0004307280001,5.388930767,-0.0004662929086,11.44397914,-23.17875431,-6.866424342,3.562266705e-05,29.69441469,-0.001142536813
2,149,11.61683894,-14.99561248,9.659346825,-0.0002479669845,5.393476885,-0.0002664897809,11.72833083,-23.28904089,-6.923465698,6.562366588e-06,29.69292014,-0.0009424656843
2,150,11.90065847,-15.01288109,9.706488175,-0.0001133618707,5.396793482,-0.0001202882053,12.02466129,-23.36967104,-6.965179845,-1.777776094e-05,29.69182398,-0.0007959871491
2,151,12.20030685,-15.02343137,9.735376774,-3.019312631e-05,5.398824485,-3.050303446e-05,12.33359933,-23.41914732,-6.990783061,-3.446106084e-05,29.69114939,-0.0007059156784
2,152,12.51677167,-15.02700562,9.745189273,-1.741218739e-06,5.399513821,5.087865181e-08,12.65577378,-23.43597227,-6.999491627,-4.055087843e-05,29.6909195,-0.0006750657438
2,153,13.18733344,-15.02700625,9.745189273,-1.741218739e-06,5.399513433,5.087865181e-08,13.3341711,-23.43597258,-6.999491627,-4.016774438e-05,29.69091989,-0.000674445067
2,154,13.8504583,-15.02700689,9.745189273,-1.741218739e-06,5.399513049,5.087865181e-08,14.0050446,-23.43597289,-6.999491627,-3.978885951e-05,29.69092027,-0.000673831274
2,155,14.50574425,-15.02700751,9.745189273,-1.741218739e-06,5.39951267,5.087865181e-08,14.66798759,-23.43597319,-6.999491627,-3.94144535e-05,29.69092065,-0.0006732247367
2,156,15.15278929,-15.02700813,9.745189273,-1.741218739e-06,5.399512296,5.087865181e-08,15.32259338,-23.43597349,-6.999491627,-3.904475604e-05,29.69092103,-0.0006726258272
2,157,15.79119143,-15.02700874,9.745189273,-1.741218739e-06,5.399511927,5.087865181e-08,15.96845528,-23.43597379,-6.999491627,-3.867999681e-05,29.69092139,-0.0006720349177
2,158,16.42054867,-15.02700934,9.745189273,-1.741218739e-06,5.399511562,5.087865181e-08,16.60516659,-23.43597408,-6.999491627,-3.83204055e-05,29.69092176,-0.0006714523802
2,159,17.04045903,-15.02700993,9.745189273,-1.741218739e-06,5.399511204,5.087865181e-08,17.23232063,-23.43597437,-6.999491627,-3.796621179e-05,29.69092212,-0.0006708785868
2,160,17.65052049,-15.02701051,9.745189273,-1.741218739e-06,5.399510851,5.087865181e-08,17.84951069,-23.43597465,-6.999491627,-3.761764536e-05,29.69092247,-0.0006703139096
2,161,18.25033108,-15.02701108,9.745189273,-1.741218739e-06,5.399510504,5.087865181e-08,18.45633009,-23.43597493,-6.999491627,-3.727493591e-05,29.69092282,-0.0006697587207
2,162,18.83948879,-15.02701164,9.745189273,-1.741218739e-06,5.399510163,5.087865181e-08,19.05237213,-23.4359752,-6.999491627,-3.693831312e-05,29.69092316,-0.0006692133922
2,163,19.41759163,-15.0270122,9.745189273,-1.741218739e-06,5.399509829,5.087865181e-08,19.63723013,-23.43597547,-6.999491627,-3.660800667e-05,29.69092349,-0.0006686782961
2,164,19.98423759,-15.02701274,9.745189273,-1.741218739e-06,5.399509501,5.087865181e-08,20.21049738,-23.43597573,-6.999491627,-3.628424625e-05,29.69092382,-0.0006681538046
2,165,20.5390247,-15.02701326,9.745189273,-1.741218739e-06,5.39950918,5.087865181e-08,20.7717672,-23.43597599,-6.999491627,-3.596726154e-05,29.69092414,-0.0006676402897
2,166,21.08155094,-15.02701378,9.745189273,-1.741218739e-06,5.399508866,5.087865181e-08,21.32063289,-23.43597624,-6.999491627,-3.565728223e-05,29.69092445,-0.0006671381236
2,167,21.61141434,-15.02701429,9.745189273,-1.741218739e-06,5.39950856,5.087865181e-08,21.85668776,-23.43597648,-6.999491627,-3.5354538e-05,29.69092476,-0.0006666476783
2,168,22.12821288,-15.02701478,9.745189273,-1.741218739e-06,5.399508261,5.087865181e-08,22.37952511,-23.43597672,-6.999491627,-3.505925854e-05,29.69092506,-0.0006661693259
2,169,22.63154458,-15.02701526,9.745189273,-1.741218739e-06,5.399507969,5.087865181e-08,22.88873827,-23.43597695,-6.999491627,-3.477167354e-05,29.69092535,-0.0006657034385
2,170,23.12100743,-15.02701573,9.745189273,-1.741218739e-06,5.399507686,5.087865181e-08,23.38392052,-23.43597718,-6.999491627,-3.449201267e-05,29.69092563,-0.0006652503883
2,171,23.59619946,-15.02701618,9.745189273,-1.741218739e-06,5.399507411,5.087865181e-08,23.86466518,-23.4359774,-6.999491627,-3.422050563e-05,29.69092591,-0.0006648105472
2,172,24.05671865,-15.02701662,9.745189273,-1.741218739e-06,5.399507145,5.087865181e-08,24.33056556,-23.43597761,-6.999491627,-3.39573821e-05,29.69092618,-0.0006643842874
2,173,24.50216301,-15.02701704,9.745189273,-1.741218739e-06,5.399506887,5.087865181e-08,24.78121496,-23.43597782,-6.999491627,-3.370287176e-05,29.69092643,-0.0006639719809
2,174,24.93213056,-15.02701745,9.745189273,-1.741218739e-06,5.399506638,5.087865181e-08,25.2162067,-23.43597802,-6.999491627,-3.345720431e-05,29.69092668,-0.0006635739999
2,175,25.34621928,-15.02701785,9.745189273,-1.741218739e-06,5.399506399,5.087865181e-08,25.63513407,-23.43597821,-6.999491627,-3.322060942e-05,29.69092692,-0.0006631907165
2,176,25.7440272,-15.02701823,9.745189273,-1.741218739e-06,5.399506169,5.087865181e-08,26.03759039,-23.43597839,-6.999491627,-3.299331678e-05,29.69092715,-0.0006628225027
2,177,26.1251523,-15.02701859,9.745189273,-1.741218739e-06,5.399505948,5.087865181e-08,26.42316896,-23.43597857,-6.999491627,-3.277555607e-05,29.69092737,-0.0006624697306
2,178,26.48919261,-15.02701894,9.745189273,-1.741218739e-06,5.399505738,5.087865181e-08,26.79146309,-23.43597874,-6.999491627,-3.256755699e-05,29.69092758,-0.0006621327723
2,179,26.83574611,-15.02701927,9.745189273,-1.741218739e-06,5.399505537,5.087865181e-08,27.14206609,-23.4359789,-6.999491627,-3.236954921e-05,29.69092778,-0.0006618119999
2,180,27.16441082,-15.02701958,9.745189273,-1.741218739e-06,5.399505347,5.087865181e-08,27.47457126,-23.43597905,-6.999491627,-3.218176242e-05,29.69092797,-0.0006615077855
2,181,27.47478475,-15.02701988,9.745189273,-1.741218739e-06,5.399505168,5.087865181e-08,27.78857192,-23.4359792,-6.999491627,-3.200442631e-05,29.69092815,-0.0006612205013
2,182,27.76646588,-15.02702016,9.745189273,-1.741218739e-06,5.399504999,5.087865181e-08,28.08366136,-23.43597933,-6.999491627,-3.183777056e-05,29.69092832,-0.0006609505191
2,183,28.03905224,-15.02702042,9.745189273,-1.741218739e-06,5.399504841,5.087865181e-08,28.3594329,-23.43597946,-6.999491627,-3.168202486e-05,29.69092848,-0.0006606982113
2,184,28.29214183,-15.02702066,9.745189273,-1.741218739e-06,5.399504695,5.087865181e-08,28.61547985,-23.43597957,-6.999491627,-3.153741889e-05,29.69092863,-0.0006604639498
2,185,28.52533264,-15.02702088,9.745189273,-1.741218739e-06,5.39950456,5.087865181e-08,28.85139551,-23.43597968,-6.999491627,-3.140418233e-05,29.69092876,-0.0006602481067
2,186,28.73822268,-15.02702108,9.745189273,-1.741218739e-06,5.399504437,5.087865181e-08,29.06677318,-23.43597978,-6.999491627,-3.128254488e-05,29.69092888,-0.0006600510542
2,187,28.93040997,-15.02702127,9.745189273,-1.741218739e-06,5.399504325,5.087865181e-08,29.26120618,-23.43597987,-6.999491627,-3.117273622e-05,29.690929,-0.0006598731643
2,188,29.1014925,-15.02702143,9.745189273,-1.741218739e-06,5.399504226,5.087865181e-08,29.43428782,-23.43597995,-6.999491627,-3.107498603e-05,29.69092909,-0.0006597148091
2,189,29.25106827,-15.02702157,9.745189273,-1.741218739e-06,5.39950414,5.087865181e-08,29.58561139,-23.43598002,-6.999491627,-3.098952399e-05,29.69092918,-0.0006595763607
2,190,29.3787353,-15.02702169,9.745189273,-1.741218739e-06,5.399504066,5.087865181e-08,29.71477022,-23.43598008,-6.999491627,-3.091657981e-05,29.69092925,-0.0006594581912
2,191,29.48409158,-15.02702179,9.745189273,-1.741218739e-06,5.399504005,5.087865181e-08,29.8213576,-23.43598013,-6.999491627,-3.085638314e-05,29.69092932,-0.0006593606727
2,192,29.56673513,-15.02702187,9.745189273,-1.741218739e-06,5.399503957,5.087865181e-08,29.90496684,-23.43598016,-6.999491627,-3.08091637e-05,29.69092936,-0.0006592841772
2,193,29.62626395,-15.02702193,9.745189273,-1.741218739e-06,5.399503923,5.087865181e-08,29.96519125,-23.43598019,-6.999491627,-3.077515115e-05,29.6909294,-0.0006592290769
2,194,29.66227603,-15.02702196,9.745189273,-1.741218739e-06,5.399503902,5.087865181e-08,30.00162414,-23.43598021,-6.999491627,-3.075457518e-05,29.69092942,-0.0006591957439
2,195,29.67436939,-15.02702198,9.745189273,-1.741218739e-06,5.399503895,5.087865181e-08,30.01385881,-23.43598021,-6.999491627,-3.074766548e-05,29.69092943,-0.0006591845502
